validnost,title,performer,melid,phrase_index,phrase_value,phrase_start_index,phrase_end_index_inclusive,split_point_local,split_point_solo,osnovni_skor,kazna_ne_primer,nagrada_da_primer,score,phrase_start_seconds,call_start_seconds,response_start_seconds,phrase_end_seconds,call_pitches,response_pitches,excerpt_midi,boundary_original_split,boundary_original_score,boundary_gap_seconds,boundary_suggested_split,boundary_suggested_gap_seconds,boundary_status,note_density,motif_run_fraction,dtw_diagonal_fraction,review_priority,call_start_local,response_end_local_exclusive,call_start_solo,response_end_solo_inclusive,response_end_seconds,candidate_source,decision_reason,automatski_status,manual_reference_id,drugi_dtw_skor,dtw_gap,relativni_dtw_gap,incipit_dokaz,najblizi_da_primer,reference_distance,manual_original_split,manual_original_score,manual_boundary_note,preferred_annotation_id,boundary_choice_note,call_notes,response_notes,length_ratio,call_idea_label,response_idea_label,mlu_relation,pitch_dtw,shape_dtw,napomena,review_rank,call_seconds,response_seconds,duration_ratio,max_note_density,shared_exact_motif_fraction
NE,Did You Call Her Today,Ben Webster,22,21,21,218,239,12,230,0.26666666666666666,0.022532962194094508,0.0,0.28919962886076117,78.82303854875283,78.82303854875283,81.01732426303855,83.32480725623583,"[67, 68, 70, 68, 67, 68, 70, 66, 67, 68, 70, 65]","[67, 68, 70, 68, 66, 65, 68, 64, 62, 63]",C:\Users\nikol\Desktop\jazzdialog\output\wjd_phrase_excerpts\melid_22_phrase_21_split_12.mid,,,,,,,5.468750000000005,0.7777777777777778,0.42857142857142855,0.04253472222222299,0,22,218,239,83.32480725623583,diagnostic_top3_batch_21_25,Rejected by score threshold 0.2; exported for manual diagnosis; boundary refinement not applied.,DIJAGNOSTIKA,,,,,,,,,,,,,,,,,,,,,,,,,,,
NE,Did You Call Her Today,Ben Webster,22,25,25,258,282,13,271,0.3751060660865273,0.0,0.002251387816048528,0.3728546782704788,92.74920634920635,92.74920634920635,95.28598639455782,97.39319727891157,"[57, 58, 59, 60, 61, 59, 62, 59, 63, 59, 64, 65, 58]","[57, 60, 61, 65, 66, 65, 63, 62, 65, 60, 58, 60]",C:\Users\nikol\Desktop\jazzdialog\output\wjd_phrase_excerpts\melid_22_phrase_25_split_13.mid,,,,,,,5.69473140495866,0.2727272727272727,0.2777777777777778,0.5814824380165263,0,25,258,282,97.39319727891157,diagnostic_top3_batch_21_25,Rejected by score threshold 0.2; exported for manual diagnosis; boundary refinement not applied.,DIJAGNOSTIKA,,,,,,,,,,,,,,,,,,,,,,,,,,,
NE,My Ideal,Ben Webster,23,13,13,168,179,6,174,0.4280698278287672,0.0,0.0,0.4280698278287672,116.09396825396826,116.09396825396826,117.52199546485261,119.56825396825397,"[61, 62, 64, 65, 62, 65]","[63, 64, 65, 63, 65, 63]",C:\Users\nikol\Desktop\jazzdialog\output\wjd_phrase_excerpts\melid_23_phrase_13_split_6.mid,,,,,,,4.2016006097561025,0.8,0.6666666666666666,-0.16975990853658474,0,12,168,179,119.56825396825397,diagnostic_top3_batch_21_25,Rejected by score threshold 0.2; exported for manual diagnosis; boundary refinement not applied.,DIJAGNOSTIKA,,,,,,,,,,,,,,,,,,,,,,,,,,,
DA,Avalon,Benny Goodman,14,6,6,54,72,13,67,0.6007884366082041,0.0,0.0,0.6007884366082041,16.279591836734692,16.279591836734692,18.43954648526077,19.824489795918367,"[73, 74, 77, 74, 79, 76, 77, 75, 72, 70, 75, 72, 75]","[78, 77, 75, 72, 75, 72]",C:\Users\nikol\Desktop\jazzdialog\output\wjd_phrase_excerpts\melid_14_phrase_6_split_13.mid,,,,,,,6.018644886303984,1.0,0.4166666666666667,-0.09720326705440241,0,19,54,72,19.824489795918367,manual_boundary_correction,manual_boundary_correction,RUCNO_POTVRDJEN,,,,,,,,12,0.0,User correction: first response note belongs to call; split 12 -> 13.,wjd:14:54:67:73,Duzi pocetak bolje obuhvata celu pricu i odgovor; kraca verzija je takodje validna.,,,,,,,,,,,,,,,
NE,Stardust,Art Pepper,6,89,89,753,785,19,772,0.3021641193240169,0.04054928191175118,0.0,0.34271340123576804,244.28131519274376,244.28131519274376,246.82702947845806,249.5114739229025,"[70, 72, 70, 69, 70, 72, 69, 70, 72, 70, 72, 70, 72, 70, 69, 70, 75, 70, 69]","[70, 72, 70, 72, 70, 66, 68, 66, 68, 66, 68, 66, 70, 63]",C:\Users\nikol\Desktop\jazzdialog\output\wjd_phrase_excerpts\melid_6_phrase_89_split_19.mid,,,,,,,,,,,0,33,753,785,249.5114739229025,verzija_7bd878a,istorijski_DTW_incipit_i_feedback,CR,,,,,,,,,,,,,,,,,,,,,,,,,,,
NE,Stardust,Art Pepper,6,95,95,815,869,24,839,0.29650765721228073,0.1513888888888889,0.14120903787758457,0.30668750822358504,264.15,264.15,268.1724489795918,273.1469387755102,"[61, 63, 66, 68, 66, 63, 58, 61, 63, 61, 63, 61, 63, 66, 68, 70, 68, 70, 68, 66, 63, 61, 63, 61]","[63, 66, 68, 70, 68, 70, 68, 66, 63, 61, 63, 61, 63, 61, 63, 66, 63, 66, 68, 66, 63, 61, 63, 61, 63, 61, 63, 66, 63, 66, 68]",C:\Users\nikol\Desktop\jazzdialog\output\wjd_phrase_excerpts\melid_6_phrase_95_split_24.mid,,,,,,,,,,,0,55,815,869,273.1469387755102,verzija_7bd878a,istorijski_DTW_incipit_i_feedback,CR,,,,,,,,,,,,,,,,,,,,,,,,,,,
NE,I Got It Bad,Benny Carter,7,17,17,245,288,29,274,0.3104545084815927,0.04920321230429299,0.0,0.35965772078588565,85.26367346938775,85.26367346938775,90.41632653061224,93.83265306122449,"[54, 55, 56, 60, 61, 64, 65, 67, 68, 70, 66, 61, 58, 67, 68, 65, 61, 58, 65, 66, 65, 61, 58, 57, 58, 59, 60, 57, 58]","[53, 54, 55, 56, 53, 54, 55, 58, 61, 64, 65, 58, 61, 65, 58]",C:\Users\nikol\Desktop\jazzdialog\output\wjd_phrase_excerpts\melid_7_phrase_17_split_29.mid,,,,,,,,,,,0,44,245,288,93.83265306122449,verzija_7bd878a,istorijski_DTW_incipit_i_feedback,CR,,,,,,,,,,,,,,,,,,,,,,,,,,,
NE,Stardust,Art Pepper,6,34,34,238,298,25,263,0.22798093920759102,0.1278458974145498,0.0,0.3558268366221408,96.96122448979592,96.96122448979592,99.6368253968254,103.85705215419502,"[63, 64, 63, 58, 60, 62, 60, 58, 63, 64, 63, 58, 60, 63, 60, 58, 63, 64, 60, 63, 64, 63, 60, 63, 65]","[63, 64, 63, 60, 63, 66, 63, 64, 63, 60, 63, 65, 63, 64, 63, 60, 63, 66, 68, 72, 68, 66, 68, 72, 68, 66, 68, 72, 68, 66, 68, 72, 68, 66, 67, 75]",C:\Users\nikol\Desktop\jazzdialog\output\wjd_phrase_excerpts\melid_6_phrase_34_split_25.mid,,,,,,,,,,,0,61,238,298,103.85705215419502,verzija_7bd878a,istorijski_DTW_incipit_i_feedback,CR,,,,,,,,,,,,,,,,,,,,,,,,,,,
NE,Stardust,Art Pepper,6,89,89,753,785,11,764,0.2491304321479458,0.0463749820820502,0.0,0.295505414229996,244.28131519274376,244.28131519274376,245.67514739229026,249.5114739229025,"[70, 72, 70, 69, 70, 72, 69, 70, 72, 70, 72]","[70, 72, 70, 69, 70, 75, 70, 69, 70, 72, 70, 72, 70, 66, 68, 66, 68, 66, 68, 66, 70, 63]",C:\Users\nikol\Desktop\jazzdialog\output\wjd_phrase_excerpts\melid_6_phrase_89_split_11.mid,,,,,,,,,,,0,33,753,785,249.5114739229025,verzija_7bd878a,istorijski_DTW_incipit_i_feedback,CR,,,,,,,,,,,,,,,,,,,,,,,,,,,
NE,Stardust,Art Pepper,6,91,91,792,798,3,795,0.29166666666666663,0.03418805678243442,0.0,0.32585472344910105,254.96326530612245,254.96326530612245,256.06965986394556,257.55573696145126,"[62, 63, 63]","[63, 63, 63, 63]",C:\Users\nikol\Desktop\jazzdialog\output\wjd_phrase_excerpts\melid_6_phrase_91_split_3.mid,,,,,,,,,,,0,7,792,798,257.55573696145126,verzija_7bd878a,istorijski_DTW_incipit_i_feedback,CR,,,,,,,,,,,,,,,,,,,,,,,,,,,
DA,Stardust,Art Pepper,6,4+5,4+5,17,30,7,24,0.07142857142857142,0.0,0.0,0.07142857142857142,11.749297052154194,11.749297052154194,13.746213151927437,15.528344671201815,"[63, 63, 68, 68, 68, 70, 72]","[63, 63, 68, 68, 68, 70, 71]",C:\Users\nikol\Desktop\jazzdialog\output\wjd_phrase_excerpts\melid_6_phrase_4_5_split_7.mid,,,,,,,,,,,0,14,17,30,15.528344671201815,verzija_7bd878a,istorijski_DTW_incipit_i_feedback,CR,,,,,,,,,,,,,,,,,,,,,,,,,,,
NE,Stardust,Art Pepper,6,50+51,50+51,407,433,9,416,0.2811973784893794,0.0,0.0,0.2811973784893794,150.0142857142857,150.0142857142857,151.34285714285716,155.5409977324263,"[60, 63, 64, 63, 60, 63, 67, 70, 67]","[60, 63, 63, 64, 63, 60, 63, 66, 63, 68, 66, 68, 66, 68, 66, 68, 70, 66]",C:\Users\nikol\Desktop\jazzdialog\output\wjd_phrase_excerpts\melid_6_phrase_50_51_split_9.mid,,,,,,,,,,,0,27,407,433,155.5409977324263,verzija_7bd878a,istorijski_DTW_incipit_i_feedback,CR,,,,,,,,,,,,,,,,,,,,,,,,,,,
DA,Stardust,Art Pepper,6,91+92,91+92,792,803,5,797,0.39254364239297945,0.007281752154743137,0.0,0.3998253945477226,254.96326530612245,254.96326530612245,257.0274829931973,259.5326530612245,"[62, 63, 63, 63, 63]","[63, 63, 63, 63, 63, 63, 66]",C:\Users\nikol\Desktop\jazzdialog\output\wjd_phrase_excerpts\melid_6_phrase_91_92_split_5.mid,,,,,,,,,,,0,12,792,803,259.5326530612245,verzija_7bd878a,istorijski_DTW_incipit_i_feedback,CR,,,,,,,,,,,,,,,,,,,,,,,,,,,
NE,I Got It Bad,Benny Carter,7,9+10,9+10,118,148,17,135,0.35092359946418883,0.0,0.0,0.35092359946418883,45.49387755102041,45.49387755102041,49.136326530612244,54.412244897959184,"[58, 61, 65, 68, 66, 65, 63, 62, 59, 58, 56, 55, 58, 61, 62, 64, 56]","[58, 61, 66, 68, 66, 65, 63, 64, 63, 61, 57, 56, 58, 61]",C:\Users\nikol\Desktop\jazzdialog\output\wjd_phrase_excerpts\melid_7_phrase_9_10_split_17.mid,,,,,,,,,,,0,31,118,148,54.412244897959184,verzija_7bd878a,istorijski_DTW_incipit_i_feedback,CR,,,,,,,,,,,,,,,,,,,,,,,,,,,
NE,I Got It Bad,Benny Carter,7,13+14,13+14,172,212,19,191,0.3256243297234406,0.0,0.0,0.3256243297234406,64.06385487528345,64.06385487528345,67.77904761904762,75.91020408163266,"[58, 61, 63, 65, 66, 68, 66, 73, 69, 68, 70, 68, 66, 61, 57, 59, 66, 65, 63]","[54, 57, 60, 61, 60, 61, 60, 61, 60, 61, 64, 65, 68, 71, 72, 68, 63, 60, 68, 70, 68, 62]",C:\Users\nikol\Desktop\jazzdialog\output\wjd_phrase_excerpts\melid_7_phrase_13_14_split_19.mid,,,,,,,,,,,0,41,172,212,75.91020408163266,verzija_7bd878a,istorijski_DTW_incipit_i_feedback,CR,,,,,,,,,,,,,,,,,,,,,,,,,,,
DA,I Got It Bad,Benny Carter,7,23+24,23+24,402,428,13,415,0.2590938625858004,0.0,0.0,0.2590938625858004,122.4530612244898,122.4530612244898,125.19183673469388,127.51428571428572,"[61, 68, 70, 68, 66, 68, 70, 68, 66, 72, 73, 68, 61]","[61, 68, 70, 68, 66, 72, 73, 68, 61, 67, 68, 66, 61, 56]",C:\Users\nikol\Desktop\jazzdialog\output\wjd_phrase_excerpts\melid_7_phrase_23_24_split_13.mid,,,,,,,,,,,0,27,402,428,127.51428571428572,verzija_7bd878a,istorijski_DTW_incipit_i_feedback,CR,,,,,,,,,,,,,,,,,,,,,,,,,,,
NE,It's a Wonderful World,Benny Carter,8,14+15,14+15,212,281,40,252,0.38844671656418195,0.0,0.0,0.38844671656418195,52.53061224489796,52.53061224489796,58.95,66.03469387755102,"[66, 70, 72, 71, 69, 72, 70, 67, 64, 60, 59, 58, 56, 60, 67, 64, 65, 69, 72, 76, 79, 74, 77, 76, 72, 68, 74, 72, 68, 62, 60, 59, 58, 57, 56, 55, 64, 55, 52, 59]","[60, 64, 67, 69, 68, 71, 70, 71, 70, 71, 70, 64, 69, 71, 72, 69, 63, 62, 60, 62, 57, 60, 69, 63, 57, 60, 69, 63, 57, 60]",C:\Users\nikol\Desktop\jazzdialog\output\wjd_phrase_excerpts\melid_8_phrase_14_15_split_40.mid,,,,,,,,,,,0,70,212,281,66.03469387755102,verzija_7bd878a,istorijski_DTW_incipit_i_feedback,CR,,,,,,,,,,,,,,,,,,,,,,,,,,,
NE,Just Friends,Benny Carter,10,15+16,15+16,354,390,16,370,0.3434433619633035,0.0,0.0,0.3434433619633035,72.87346938775511,72.87346938775511,76.14897959183673,79.5938775510204,"[67, 69, 72, 69, 64, 67, 64, 61, 62, 60, 57, 58, 69, 64, 61, 62]","[64, 65, 69, 68, 69, 74, 69, 65, 62, 59, 58, 55, 57, 58, 60, 63, 69, 65, 65, 60, 65]",C:\Users\nikol\Desktop\jazzdialog\output\wjd_phrase_excerpts\melid_10_phrase_15_16_split_16.mid,,,,,,,,,,,0,37,354,390,79.5938775510204,verzija_7bd878a,istorijski_DTW_incipit_i_feedback,CR,,,,,,,,,,,,,,,,,,,,,,,,,,,
NE,Sweet Lorraine,Benny Carter,13,24,24,321,362,14,335,0.26931895434160874,0.0,0.0,0.26931895434160874,84.81020408163265,84.81020408163265,86.68367346938776,93.17959183673469,"[62, 64, 67, 66, 64, 62, 60, 57, 62, 61, 60, 56, 55, 57]","[62, 67, 67, 67, 64, 67, 71, 67, 66, 64, 57, 62, 61, 60, 59, 58, 56, 57, 60, 57, 56, 55, 53, 54, 57]",C:\Users\nikol\Desktop\jazzdialog\output\wjd_phrase_excerpts\melid_13_phrase_24_start_0_split_14_end_39.mid,,,,,,,,,,,0,39,321,359,91.78979591836735,WJD_fraza_skracene_ivice,globalni_DTW_za_pregled,ZA_PREGLED,,0.27893748842523763,0.009618534083628894,0.035714285714285754,0.37267799624996495,inf,,,,,,,,,,,,,,,,,,,,,
DA,Avalon,Benny Goodman,14,6,6,54,72,12,66,0.2939723678960656,0.0,0.0,0.2939723678960656,16.279591836734692,16.691836734693876,18.06734693877551,19.824489795918367,"[74, 79, 76, 77, 75, 72, 70, 75, 72]","[75, 78, 77, 75, 72, 75, 72]",C:\Users\nikol\Desktop\jazzdialog\output\wjd_phrase_excerpts\melid_14_phrase_6_start_3_split_12_end_19.mid,,,,,,,,,,,3,19,57,72,19.824489795918367,WJD_fraza_skracene_ivice,globalni_DTW_za_pregled,ZA_PREGLED,,0.3685138655950444,0.07454149769897878,0.25356634105601733,0.5773502691896257,inf,,,,,wjd:14:54:67:73,Duzi pocetak bolje obuhvata celu pricu i odgovor; kraca verzija je takodje validna.,,,,,,,,,,,,,,,
NE,Long Ago and Far Away,Benny Carter,12,1,1,0,65,34,34,0.24319133240434662,0.2,0.0,0.4431913324043466,3.523628117913832,3.523628117913832,9.293786848072562,15.106122448979592,"[60, 62, 65, 67, 65, 67, 65, 67, 65, 67, 65, 72, 67, 67, 65, 67, 65, 72, 67, 65, 64, 65, 65, 65, 67, 60, 62, 65, 64, 67, 69, 67, 65, 64]","[62, 58, 57, 59, 60, 65, 64, 65, 69, 72, 74, 70, 67, 72, 70, 67, 69, 70, 71, 72, 65, 60, 61, 62, 65, 62, 64, 65, 67, 69, 67, 68]",C:\Users\nikol\Desktop\jazzdialog\output\wjd_phrase_excerpts\melid_12_phrase_1_split_34.mid,,,,,,,,,,,0,66,0,65,15.106122448979592,cela_WJD_fraza,rucna_oznaka_NE,ODBIJEN,,,,,1.375,inf,,,,,,,,,,,,,,,,,,,,,
NE,Nobody's Sweetheart,Benny Goodman,16,9,9,139,182,23,162,0.27432663385245026,0.2,0.0,0.4743266338524503,25.72625850340136,25.72625850340136,28.338503401360544,31.341133786848072,"[73, 75, 77, 73, 72, 71, 72, 75, 72, 79, 71, 72, 75, 72, 79, 77, 71, 72, 75, 72, 79, 77, 71]","[72, 75, 72, 79, 77, 71, 72, 75, 72, 79, 77, 75, 72, 72, 75, 72, 75, 72, 75, 72, 69]",C:\Users\nikol\Desktop\jazzdialog\output\wjd_phrase_excerpts\melid_16_phrase_9_split_23.mid,,,,,,,,,,,0,44,139,182,31.341133786848072,cela_WJD_fraza,rucna_oznaka_NE,ODBIJEN,,,,,1.2360330811826106,inf,,,,,,,,,,,,,,,,,,,,,
NE,Tiger Rag,Benny Goodman,19,7,7,139,153,7,146,0.1767766952966369,0.2,0.0,0.37677669529663693,30.791836734693877,30.791836734693877,31.461224489795917,32.28163265306122,"[70, 71, 72, 71, 72, 71, 72]","[71, 72, 71, 72, 71, 72, 71, 72]",C:\Users\nikol\Desktop\jazzdialog\output\wjd_phrase_excerpts\melid_19_phrase_7_split_7.mid,,,,,,,,,,,0,15,139,153,32.28163265306122,cela_WJD_fraza,rucna_oznaka_NE_triler,ODBIJEN,,,,,0.23570226039551587,inf,,,,,,,,,,,,,,,,,,,,,
DA,My Funny Valentine,Stan Getz,402,41,41,523,534,6,529,0.0,0.0,0.0,0.0,172.9407709750567,172.9407709750567,174.52959183673468,175.42965986394557,"[63, 65, 68, 70, 72, 75]","[63, 65, 68, 70, 72, 75]",C:\Users\nikol\Desktop\jazzdialog\output\wjd_phrase_excerpts\melid_402_phrase_41_split_6.mid,,,,,,,,,,,0,12,523,534,175.42965986394557,cela_WJD_fraza,rucna_oznaka_DA,CR,,1.7670452681218545,1.7670452681218545,,0.0,inf,,,,,,,,,,,,,,,,,,,,,
DA,My Funny Valentine,Stan Getz,402,48,48,616,653,16,632,0.15745916432444337,0.023755791466478507,0.0,0.1812149557909219,199.75836734693877,199.75836734693877,201.51437641723356,204.11138321995466,"[55, 56, 58, 60, 61, 60, 58, 56, 55, 56, 58, 60, 61, 60, 58, 56]","[55, 56, 58, 60, 61, 60, 58, 55, 56, 55, 53, 55, 56, 58, 59, 60, 61, 60, 59, 58, 59, 58]",C:\Users\nikol\Desktop\jazzdialog\output\wjd_phrase_excerpts\melid_402_phrase_48_split_16.mid,,,,,,,,,,,0,38,616,653,204.11138321995466,cela_WJD_fraza,rucna_oznaka_DA,CR,,0.13043478260869565,-0.027024381715747725,-0.17162787464097168,0.0,inf,,,,,,,,,,,,,,,,,,,,,
DA,I Fall in Love Too Easily,Chet Baker,70,5,5,66,85,11,77,0.46398036356916844,0.0,0.0,0.46398036356916844,35.57732426303855,35.57732426303855,38.49578231292517,44.007619047619045,"[71, 72, 74, 67, 67, 67, 67, 68, 67, 66, 67]","[69, 70, 72, 73, 64, 64, 65, 67, 68]",C:\Users\nikol\Desktop\jazzdialog\output\wjd_phrase_excerpts\melid_70_phrase_5_split_11.mid,,,,,,,,,,,0,20,66,85,44.007619047619045,cela_WJD_fraza,rucna_oznaka_DA,CR,,0.5833333333333334,0.11935296976416493,0.2572371141874245,0.28867513459481287,inf,,,,,,,,,,,,,,,,,,,,,
DA,I Fall in Love Too Easily,Chet Baker,70,6,6,86,98,7,93,0.649519052838329,0.0,0.0,0.649519052838329,45.88979591836735,45.88979591836735,48.3004081632653,50.20612244897959,"[65, 67, 68, 70, 67, 63, 60]","[69, 70, 66, 66, 63, 58]",C:\Users\nikol\Desktop\jazzdialog\output\wjd_phrase_excerpts\melid_70_phrase_6_split_7.mid,,,,,,,,,,,0,13,86,98,50.20612244897959,cela_WJD_fraza,rucna_oznaka_DA,CR,,0.9437293044088437,0.2942102515705147,0.45296631451355784,0.8921425711997711,inf,,,,,,,,,,,,,,,,,,,,,
DA,Just Friends,Chet Baker,71,1,1,0,23,8,8,0.5773502691896257,0.0,0.0,0.5773502691896257,3.427845804988662,3.427845804988662,5.362358276643991,9.077551020408162,"[64, 67, 69, 71, 64, 67, 69, 70]","[64, 67, 69, 69, 70, 69, 67, 65, 67, 65, 63, 58, 60, 62, 64, 66]",C:\Users\nikol\Desktop\jazzdialog\output\wjd_phrase_excerpts\melid_71_phrase_1_split_8.mid,,,,,,,,,,,0,24,0,23,9.077551020408162,cela_WJD_fraza,rucna_oznaka_DA,CR,,0.5527707983925666,-0.024579470797059133,-0.04257289224366191,1.0137937550497031,inf,,,,,,,,,,,,,,,,,,,,,
DA,Long Ago and Far Away,Chet Baker,73,4,4,39,66,6,45,0.5702120455914783,0.0,0.0,0.5702120455914783,15.16843537414966,15.16843537414966,16.480362811791384,21.40879818594104,"[70, 73, 74, 70, 67, 63]","[67, 70, 71, 72, 69, 65, 62, 65, 69, 69, 70, 67, 63, 60, 62, 64, 65, 66, 69, 66, 64, 57]",C:\Users\nikol\Desktop\jazzdialog\output\wjd_phrase_excerpts\melid_73_phrase_4_split_6.mid,,,,,,,,,,,0,28,39,66,21.40879818594104,cela_WJD_fraza,rucna_oznaka_DA,CR,,0.5220153254455275,-0.04819672014595078,-0.0845242055452486,0.6388765649999399,inf,,,,,wjd:73:39:55:67,"Call 16 / response 12: ponavljanje motiva pripada call-u, zatim pocinje odgovor.",,,,,,,,,,,,,,,
NE,Blues for Blanche,Art Pepper,2,39,39,452,464,7,459,0.125,0.2,0.0,0.325,121.21687074829931,121.21687074829931,122.27918367346939,122.95256235827664,"[73, 72, 70, 72, 73, 72, 70]","[73, 73, 72, 70, 72, 70]",C:\Users\nikol\Desktop\jazzdialog\output\wjd_phrase_excerpts\melid_2_phrase_39_split_7.mid,,,,,,,,,,,0,13,452,464,122.95256235827664,cela_WJD_fraza,rucna_oznaka_NE_prekratak_kandidat,ODBIJEN,,,,,0.16666666666666666,inf,,,,,,,,,,,,,,,,,,,,,
NE,Blues for Blanche,Art Pepper,2,33,33,365,375,5,370,0.47140452079103173,0.2,0.0,0.6714045207910317,99.92997732426304,99.92997732426304,100.6120634920635,102.15619047619047,"[61, 58, 60, 58, 60]","[61, 58, 60, 58, 56, 58]",C:\Users\nikol\Desktop\jazzdialog\output\wjd_phrase_excerpts\melid_2_phrase_33_split_5.mid,,,,,,,,,,,0,11,365,375,102.15619047619047,cela_WJD_fraza,rucna_oznaka_NE_nova_grupa_1_10,ODBIJEN,,,,,0.8,inf,,,,,,,,,,,,,,,,,,,,,
NE,In a Mellow Tone,Art Pepper,4,10,10,132,157,8,140,0.2795084971874737,0.0,0.0,0.2795084971874737,45.1134693877551,45.1134693877551,47.42820861678005,51.15065759637188,"[63, 67, 72, 75, 72, 66, 63, 60]","[63, 67, 72, 67, 65, 63, 60, 63, 66, 67, 66, 67, 63, 58, 55, 56, 58, 63]",C:\Users\nikol\Desktop\jazzdialog\output\wjd_phrase_excerpts\melid_4_phrase_10_split_8.mid,,,,,,,,,,,0,26,132,157,51.15065759637188,cela_WJD_fraza,rucna_oznaka_NE_nova_grupa_1_10,ODBIJEN,,,,,0.0,inf,,,,,,,,,,,,,,,,,,,,,
NE,In a Mellow Tone,Art Pepper,4,41,41,416,442,6,422,0.3367175148507369,0.0,0.0,0.3367175148507369,139.05342403628117,139.05342403628117,140.24126984126985,144.6326530612245,"[75, 72, 79, 84, 79, 72]","[75, 72, 79, 82, 79, 77, 75, 70, 75, 77, 75, 74, 77, 75, 66, 70, 74, 77, 76, 74, 75]",C:\Users\nikol\Desktop\jazzdialog\output\wjd_phrase_excerpts\melid_4_phrase_41_split_6.mid,,,,,,,,,,,0,27,416,442,144.6326530612245,cela_WJD_fraza,rucna_oznaka_NE_nova_grupa_1_10,ODBIJEN,,,,,0.0,inf,,,,,,,,,,,,,,,,,,,,,
NE,Stardust,Art Pepper,6,34,34,238,298,31,269,0.35239609324728294,0.2,0.0,0.5523960932472829,96.96122448979592,96.96122448979592,100.34285714285714,103.85705215419502,"[63, 64, 63, 58, 60, 62, 60, 58, 63, 64, 63, 58, 60, 63, 60, 58, 63, 64, 60, 63, 64, 63, 60, 63, 65, 63, 64, 63, 60, 63, 66]","[63, 64, 63, 60, 63, 65, 63, 64, 63, 60, 63, 66, 68, 72, 68, 66, 68, 72, 68, 66, 68, 72, 68, 66, 68, 72, 68, 66, 67, 75]",C:\Users\nikol\Desktop\jazzdialog\output\wjd_phrase_excerpts\melid_6_phrase_34_split_31.mid,,,,,,,,,,,0,61,238,298,103.85705215419502,cela_WJD_fraza,rucna_oznaka_NE_nova_grupa_1_10,ODBIJEN,,,,,0.7211102550927978,inf,,,,,,,,,,,,,,,,,,,,,
NE,Stardust,Art Pepper,6,55,55,472,490,10,482,0.6007884366082041,0.2,0.0,0.8007884366082041,164.29591836734693,164.29591836734693,165.6969387755102,167.80714285714285,"[61, 59, 61, 59, 58, 56, 55, 55, 60, 58]","[63, 61, 63, 59, 61, 63, 58, 61, 63]",C:\Users\nikol\Desktop\jazzdialog\output\wjd_phrase_excerpts\melid_6_phrase_55_split_10.mid,,,,,,,,,,,0,19,472,490,167.80714285714285,cela_WJD_fraza,rucna_oznaka_NE_nova_grupa_1_10,ODBIJEN,,,,,0.447213595499958,inf,,,,,,,,,,,,,,,,,,,,,
NE,Stardust,Art Pepper,6,58,58,509,526,6,515,0.47871355387816905,0.2,0.0,0.678713553878169,171.68689342403627,171.68689342403627,172.1128344671202,173.31632653061223,"[63, 66, 68, 70, 68, 66]","[63, 66, 68, 70, 68, 66, 63, 66, 68, 70, 68, 66]",C:\Users\nikol\Desktop\jazzdialog\output\wjd_phrase_excerpts\melid_6_phrase_58_split_6.mid,,,,,,,,,,,0,18,509,526,173.31632653061223,cela_WJD_fraza,rucna_oznaka_NE_nova_grupa_1_10,ODBIJEN,,,,,0.0,inf,,,,,,,,,,,,,,,,,,,,,
NE,Stardust,Art Pepper,6,74,74,624,634,5,629,0.5,0.2,0.0,0.7,206.5795918367347,206.5795918367347,207.61065759637188,208.79238095238094,"[58, 61, 63, 61, 63]","[58, 61, 63, 58, 61, 63]",C:\Users\nikol\Desktop\jazzdialog\output\wjd_phrase_excerpts\melid_6_phrase_74_split_5.mid,,,,,,,,,,,0,11,624,634,208.79238095238094,cela_WJD_fraza,rucna_oznaka_NE_nova_grupa_1_10,ODBIJEN,,,,,0.7211102550927978,inf,,,,,,,,,,,,,,,,,,,,,
NE,Stardust,Art Pepper,6,89,89,753,785,7,760,0.19517099163638882,0.0,0.0,0.19517099163638882,244.28131519274376,244.28131519274376,245.05705215419502,249.5114739229025,"[70, 72, 70, 69, 70, 72, 69]","[70, 72, 70, 72, 70, 72, 70, 69, 70, 75, 70, 69, 70, 72, 70, 72, 70, 66, 68, 66, 68, 66, 68, 66, 70, 63]",C:\Users\nikol\Desktop\jazzdialog\output\wjd_phrase_excerpts\melid_6_phrase_89_split_7.mid,,,,,,,,,,,0,33,753,785,249.5114739229025,cela_WJD_fraza,rucna_oznaka_NE_nova_grupa_1_10,ODBIJEN,,,,,0.0,inf,,,,,,,,,,,,,,,,,,,,,
NE,Stardust,Art Pepper,6,95,95,815,869,23,838,0.2491768772241321,0.2,0.0,0.44917687722413213,264.15,264.15,267.9551020408163,273.1469387755102,"[61, 63, 66, 68, 66, 63, 58, 61, 63, 61, 63, 61, 63, 66, 68, 70, 68, 70, 68, 66, 63, 61, 63]","[61, 63, 66, 68, 70, 68, 70, 68, 66, 63, 61, 63, 61, 63, 61, 63, 66, 63, 66, 68, 66, 63, 61, 63, 61, 63, 61, 63, 66, 63, 66, 68]",C:\Users\nikol\Desktop\jazzdialog\output\wjd_phrase_excerpts\melid_6_phrase_95_split_23.mid,,,,,,,,,,,0,55,815,869,273.1469387755102,cela_WJD_fraza,rucna_oznaka_NE_nova_grupa_1_10,ODBIJEN,,,,,0.8,inf,,,,,,,,,,,,,,,,,,,,,
NE,I Got It Bad,Benny Carter,7,17,17,245,288,23,268,0.4401949866792872,0.2,0.0,0.6401949866792872,85.26367346938775,85.26367346938775,89.5469387755102,93.83265306122449,"[54, 55, 56, 60, 61, 64, 65, 67, 68, 70, 66, 61, 58, 67, 68, 65, 61, 58, 65, 66, 65, 61, 58]","[57, 58, 59, 60, 57, 58, 53, 54, 55, 56, 53, 54, 55, 58, 61, 64, 65, 58, 61, 65, 58]",C:\Users\nikol\Desktop\jazzdialog\output\wjd_phrase_excerpts\melid_7_phrase_17_split_23.mid,,,,,,,,,,,0,44,245,288,93.83265306122449,cela_WJD_fraza,rucna_oznaka_NE_nova_grupa_1_10,ODBIJEN,,,,,0.9718253158075502,inf,,,,,,,,,,,,,,,,,,,,,
NE,I Got It Bad,Benny Carter,7,25,25,429,452,13,442,0.7803823036130353,0.2,0.0,0.9803823036130352,128.6469387755102,128.6469387755102,130.84897959183672,133.21632653061226,"[54, 55, 56, 60, 61, 65, 67, 68, 70, 71, 72, 68, 63]","[60, 61, 62, 69, 70, 67, 68, 65, 62, 58, 56]",C:\Users\nikol\Desktop\jazzdialog\output\wjd_phrase_excerpts\melid_7_phrase_25_split_13.mid,,,,,,,,,,,0,24,429,452,133.21632653061226,cela_WJD_fraza,rucna_oznaka_NE_nova_grupa_1_10,ODBIJEN,,,,,0.8485281374238569,inf,,,,,,,,,,,,,,,,,,,,,
NE,It's a Wonderful World,Benny Carter,8,22,22,388,415,6,394,0.3671703277591707,0.0,0.0,0.3671703277591707,88.28979591836735,88.28979591836735,89.25714285714285,94.60612244897959,"[63, 64, 59, 62, 60, 71]","[68, 69, 64, 67, 64, 60, 59, 58, 57, 56, 63, 64, 57, 62, 64, 57, 61, 63, 57, 60, 62, 60]",C:\Users\nikol\Desktop\jazzdialog\output\wjd_phrase_excerpts\melid_8_phrase_22_split_6.mid,,,,,,,,,,,0,28,388,415,94.60612244897959,cela_WJD_fraza,rucna_oznaka_NE_nova_grupa_1_10,ODBIJEN,,,,,0.0,inf,,,,,,,,,,,,,,,,,,,,,
NE,It's a Wonderful World,Benny Carter,9,4,4,52,64,7,59,0.414578098794425,0.2,0.0,0.6145780987944249,15.862131519274376,15.862131519274376,16.973786848072564,18.559183673469388,"[69, 71, 74, 71, 67, 69, 64]","[67, 69, 72, 67, 69, 63]",C:\Users\nikol\Desktop\jazzdialog\output\wjd_phrase_excerpts\melid_9_phrase_4_split_7.mid,,,,,,,,,,,0,13,52,64,18.559183673469388,cela_WJD_fraza,rucna_oznaka_NE_nova_grupa_1_10,ODBIJEN,,,,,0.5345224838248488,inf,,,,,,,,,,,,,,,,,,,,,
NE,Just Friends,Benny Carter,10,4,4,105,172,24,129,0.8541585197488251,0.2,0.0,1.054158519748825,23.40716553287982,23.40716553287982,27.26167800453515,34.01433106575964,"[60, 62, 60, 59, 58, 56, 57, 60, 65, 66, 63, 59, 58, 65, 62, 57, 60, 58, 60, 62, 65, 69, 72, 69]","[70, 72, 70, 69, 70, 72, 70, 69, 70, 72, 69, 70, 72, 70, 69, 70, 67, 68, 69, 71, 72, 69, 64, 64, 67, 64, 65, 76, 71, 72, 73, 74, 70, 71, 67, 68, 64, 65, 61, 62, 58, 59, 55, 56]",C:\Users\nikol\Desktop\jazzdialog\output\wjd_phrase_excerpts\melid_10_phrase_4_split_24.mid,,,,,,,,,,,0,68,105,172,34.01433106575964,cela_WJD_fraza,rucna_oznaka_NE_nova_grupa_1_10,ODBIJEN,,,,,0.4,inf,,,,,,,,,,,,,,,,,,,,,
DA,I Fall in Love Too Easily,Chet Baker,70,3,3,21,60,31,52,1.3040925533894598,0.0,0.0,1.3040925533894598,17.452698412698414,23.496938775510205,27.071428571428573,29.946485260770974,"[62, 63, 59, 62, 60, 63, 59, 62]","[60, 63, 65, 62, 64, 65, 64, 63, 62]",C:\Users\nikol\Desktop\jazzdialog\output\wjd_phrase_excerpts\melid_70_phrase_3_start_23_split_31_end_40.mid,,,,,,,,,,,23,40,44,60,29.946485260770974,rucna_referenca_tacna,rucna_oznaka_DA,CR,9,,,,2.1081851067789197,0.0,0.0,,,,,,,,,,,,,,,,,,,,
DA,Long Ago and Far Away,Chet Baker,73,4,4,39,66,16,55,0.7582875444051551,0.0,0.0,0.7582875444051551,15.16843537414966,15.16843537414966,18.279909297052154,21.40879818594104,"[70, 73, 74, 70, 67, 63, 67, 70, 71, 72, 69, 65, 62, 65, 69, 69]","[70, 67, 63, 60, 62, 64, 65, 66, 69, 66, 64, 57]",C:\Users\nikol\Desktop\jazzdialog\output\wjd_phrase_excerpts\melid_73_phrase_4_split_16.mid,,,,,,,,,,,0,28,39,66,21.40879818594104,rucna_referenca_tacna,rucna_oznaka_DA,CR,17,,,,1.340475661845451,inf,0.0,,,,wjd:73:39:55:67,"Call 16 / response 12: ponavljanje motiva pripada call-u, zatim pocinje odgovor.",,,,,,,,,,,,,,,
DA,There Will Never Be Another You,Chet Baker,74,8,8,132,178,16,148,0.4061933958008719,0.0,0.0,0.4061933958008719,39.88607709750567,39.88607709750567,43.9765306122449,50.976507936507936,"[67, 65, 67, 65, 67, 65, 67, 65, 67, 65, 68, 65, 68, 65, 67, 65]","[67, 65, 67, 65, 76, 74, 76, 74, 79, 76, 74, 72, 74, 76, 77, 76, 77, 76, 74, 73, 72, 62, 65, 70, 67, 68, 69, 67, 65, 62, 62]",C:\Users\nikol\Desktop\jazzdialog\output\wjd_phrase_excerpts\melid_74_phrase_8_split_16.mid,,,,,,,,,,,0,47,132,178,50.976507936507936,cela_WJD_fraza,rucna_oznaka_DA,CR,,,,,0.0,inf,,,,,wjd:74:132:146:156,Call 14 / response 10 obuhvata smislenu celinu; duza verzija nastavlja novu misao van tog CR-a.,,,,,,,,,,,,,,,
DA,There Will Never Be Another You,Chet Baker,74,8,8,132,178,14,146,0.5019493251315316,0.0,0.0,0.5019493251315316,39.88607709750567,39.88607709750567,43.4969387755102,50.976507936507936,"[67, 65, 67, 65, 67, 65, 67, 65, 67, 65, 68, 65, 68, 65]","[67, 65, 67, 65, 67, 65, 76, 74, 76, 74]",C:\Users\nikol\Desktop\jazzdialog\output\wjd_phrase_excerpts\melid_74_phrase_8_start_0_split_14_end_24.mid,,,,,,,,,,,0,24,132,155,46.19609977324263,rucna_referenca_tacna,rucna_oznaka_DA,CR,20,,,,0.0,0.0,0.0,,,,wjd:74:132:146:156,Call 14 / response 10 obuhvata smislenu celinu; duza verzija nastavlja novu misao van tog CR-a.,,,,,,,,,,,,,,,
DA,Two's Blues,Chet Baker,76,9,9,118,161,6,124,0.16061257389123293,0.0,0.0,0.16061257389123293,48.90408163265306,48.90408163265306,51.107142857142854,58.591201814058955,"[81, 77, 74, 70, 74, 77]","[81, 77, 74, 75, 74, 73, 74, 77, 75, 72, 74, 75, 79, 77, 76, 75, 74, 72, 70, 69, 70, 72, 74, 70, 65, 69, 70, 68, 66, 67, 69, 70, 72, 74, 77, 75, 77, 79]",C:\Users\nikol\Desktop\jazzdialog\output\wjd_phrase_excerpts\melid_76_phrase_9_split_6.mid,,,,,,,,,,,0,44,118,161,58.591201814058955,cela_WJD_fraza,rucna_oznaka_DA,CR,,,,,0.0,inf,,,,,,,,,,,,,,,,,,,,,
NE,Just Friends,Chet Baker,71,8,8,113,146,14,127,0.6272887088576957,0.2,0.0,0.8272887088576957,34.92861678004535,34.92861678004535,37.29124716553288,41.936734693877554,"[66, 63, 64, 66, 63, 64, 66, 67, 68, 69, 71, 69, 67, 64]","[69, 66, 68, 69, 70, 71, 74, 76, 78, 79, 76, 74, 76, 74, 71, 69, 67, 69, 66, 67]",C:\Users\nikol\Desktop\jazzdialog\output\wjd_phrase_excerpts\melid_71_phrase_8_split_14.mid,,,,,,,,,,,0,34,113,146,41.936734693877554,cela_WJD_fraza,rucna_oznaka_NE,ODBIJEN,,,,,0.8246211251235321,inf,,,,,,,,,,,,,,,,,,,,,
NE,Let's Get Lost,Chet Baker,72,1,1,0,23,8,8,0.4267303193260338,0.2,0.0,0.6267303193260338,2.667392290249433,2.667392290249433,4.6439909297052155,10.557823129251702,"[71, 71, 69, 71, 72, 74, 71, 67]","[69, 67, 69, 71, 71, 72, 71, 69, 68, 71, 69, 64, 67, 65, 69, 64]",C:\Users\nikol\Desktop\jazzdialog\output\wjd_phrase_excerpts\melid_72_phrase_1_split_8.mid,,,,,,,,,,,0,24,0,23,10.557823129251702,cela_WJD_fraza,rucna_oznaka_NE,ODBIJEN,,,,,0.23570226039551587,inf,,,,,,,,,,,,,,,,,,,,,
NE,Long Ago and Far Away,Chet Baker,73,8,8,129,170,13,142,0.40125224709772145,0.0,0.0,0.40125224709772145,40.06022675736961,40.06022675736961,41.90621315192744,47.68163265306122,"[74, 71, 72, 74, 75, 77, 79, 80, 79, 78, 77, 75, 74]","[72, 71, 69, 68, 71, 74, 77, 77, 76, 71, 72, 73, 74, 78, 72, 74, 79, 72, 74, 79, 73, 74, 72, 73, 74, 72, 70, 67, 67]",C:\Users\nikol\Desktop\jazzdialog\output\wjd_phrase_excerpts\melid_73_phrase_8_split_13.mid,,,,,,,,,,,0,42,129,170,47.68163265306122,cela_WJD_fraza,rucna_oznaka_NE,ODBIJEN,,,,,,,,,,,,,,,,,,,,,,,,,,,
NE,Donna Lee,Charlie Parker,55,9,9,89,109,8,97,0.5547001962252291,0.2,0.0,0.7547001962252291,20.436462585034015,20.436462585034015,21.48172335600907,23.4,"[59, 61, 64, 63, 61, 60, 58, 57]","[60, 63, 61, 66, 65, 63, 60, 67, 65, 61, 62, 58, 60]",C:\Users\nikol\Desktop\jazzdialog\output\wjd_phrase_excerpts\melid_55_phrase_9_split_8.mid,,,,,,,,,,,0,21,89,109,23.4,cela_WJD_fraza,rucna_oznaka_NE,ODBIJEN,,,,,0.6009252125773316,inf,,,,,,,,,,,,,,,,,,,,,
NE,My Funny Valentine,Stan Getz,402,5,5,53,60,5,58,0.3897114317029974,0.2,0.0,0.5897114317029974,24.160362811791384,24.160362811791384,25.309750566893424,26.0324716553288,"[68, 67, 65, 64, 65]","[67, 68, 65]",C:\Users\nikol\Desktop\jazzdialog\output\wjd_phrase_excerpts\melid_402_phrase_5_split_5.mid,,,,,,,,,,,0,8,53,60,26.0324716553288,cela_WJD_fraza,rucna_oznaka_NE,ODBIJEN,,,,,,,,,,,,,,,,,,,,,,,,,,,
NE,Donna Lee,Charlie Parker,55,9,9,89,109,6,95,0.4666666666666667,0.2,0.0,0.6666666666666667,20.436462585034015,20.436462585034015,21.196916099773244,23.4,"[59, 61, 64, 63, 61, 60]","[58, 57, 60, 63, 61, 66, 65, 63, 60, 67, 65, 61, 62, 58, 60]",C:\Users\nikol\Desktop\jazzdialog\output\wjd_phrase_excerpts\melid_55_phrase_9_split_6.mid,,,,,,,,,,,0,21,89,109,23.4,cela_WJD_fraza,rucna_oznaka_NE,ODBIJEN,,,,,,,,,,,,,,,,,,,,,,,,,,,
NE,Donna Lee,Charlie Parker,55,10,10,110,159,17,127,0.5488593056477423,0.2,0.0,0.7488593056477424,24.746666666666666,24.746666666666666,26.934421768707484,31.706848072562355,"[67, 65, 63, 67, 70, 73, 72, 70, 72, 70, 68, 67, 65, 64, 55, 58, 61]","[60, 58, 56, 72, 70, 68, 66, 64, 58, 61, 64, 63, 61, 60, 63, 65, 67, 70, 68, 67, 65, 64, 55, 58, 61, 58, 55, 60, 55, 58, 55, 56, 53]",C:\Users\nikol\Desktop\jazzdialog\output\wjd_phrase_excerpts\melid_55_phrase_10_split_17.mid,,,,,,,,,,,0,50,110,159,31.706848072562355,cela_WJD_fraza,rucna_oznaka_NE,ODBIJEN,,,,,2.0138409955990952,inf,,,,,,,,,,,,,,,,,,,,,
NE,Donna Lee,Charlie Parker,55,10,10,110,159,20,130,0.31671539586087166,0.2,0.0,0.5167153958608717,24.746666666666666,24.746666666666666,27.419183673469387,31.706848072562355,"[67, 65, 63, 67, 70, 73, 72, 70, 72, 70, 68, 67, 65, 64, 55, 58, 61, 60, 58, 56]","[72, 70, 68, 66, 64, 58, 61, 64, 63, 61, 60, 63, 65, 67, 70, 68, 67, 65, 64, 55, 58, 61, 58, 55, 60, 55, 58, 55, 56, 53]",C:\Users\nikol\Desktop\jazzdialog\output\wjd_phrase_excerpts\melid_55_phrase_10_split_20.mid,,,,,,,,,,,0,50,110,159,31.706848072562355,cela_WJD_fraza,rucna_oznaka_NE,ODBIJEN,,,,,1.2936264483053452,inf,,,,,,,,,,,,,,,,,,,,,
NE,Donna Lee,Charlie Parker,55,14,14,211,250,19,230,0.3990102218339671,0.2,0.0,0.5990102218339671,41.73090702947846,41.73090702947846,43.94489795918367,47.23301587301587,"[58, 61, 65, 68, 72, 75, 74, 73, 72, 70, 69, 68, 67, 66, 65, 64, 61, 63, 61]","[60, 63, 67, 70, 66, 63, 58, 61, 60, 65, 64, 60, 68, 66, 65, 63, 60, 63, 60, 61, 64]",C:\Users\nikol\Desktop\jazzdialog\output\wjd_phrase_excerpts\melid_55_phrase_14_split_19.mid,,,,,,,,,,,0,40,211,250,47.23301587301587,cela_WJD_fraza,rucna_oznaka_NE,ODBIJEN,,,,,1.1785113019775793,inf,,,,,,,,,,,,,,,,,,,,,
NE,Just Friends,Chet Baker,71,4,4,47,78,11,58,0.5913682829884975,0.2,0.0,0.7913682829884976,17.48469387755102,17.48469387755102,19.835646258503402,24.163265306122447,"[73, 74, 71, 67, 66, 64, 66, 63, 64, 66, 67]","[69, 66, 67, 69, 70, 71, 74, 72, 64, 67, 71, 69, 67, 64, 60, 59, 59, 62, 67, 64, 69]",C:\Users\nikol\Desktop\jazzdialog\output\wjd_phrase_excerpts\melid_71_phrase_4_split_11.mid,,,,,,,,,,,0,32,47,78,24.163265306122447,cela_WJD_fraza,rucna_oznaka_NE,ODBIJEN,,,,,1.1605769149479943,inf,,,,,,,,,,,,,,,,,,,,,
NE,Just Friends,Chet Baker,71,8,8,113,146,31,144,0.38590903235088964,0.2,0.0,0.5859090323508896,34.92861678004535,34.92861678004535,41.228480725623584,41.936734693877554,"[66, 63, 64, 66, 63, 64, 66, 67, 68, 69, 71, 69, 67, 64, 69, 66, 68, 69, 70, 71, 74, 76, 78, 79, 76, 74, 76, 74, 71, 69, 67]","[69, 66, 67]",C:\Users\nikol\Desktop\jazzdialog\output\wjd_phrase_excerpts\melid_71_phrase_8_split_31.mid,,,,,,,,,,,0,34,113,146,41.936734693877554,cela_WJD_fraza,rucna_oznaka_NE,ODBIJEN,,,,,,,,,,,,,,,,,,,,,,,,,,,
NE,Let's Get Lost,Chet Baker,72,1,1,0,23,14,14,0.41911764705882354,0.2,0.0,0.6191176470588236,2.667392290249433,2.667392290249433,6.635102040816326,10.557823129251702,"[71, 71, 69, 71, 72, 74, 71, 67, 69, 67, 69, 71, 71, 72]","[71, 69, 68, 71, 69, 64, 67, 65, 69, 64]",C:\Users\nikol\Desktop\jazzdialog\output\wjd_phrase_excerpts\melid_72_phrase_1_split_14.mid,,,,,,,,,,,0,24,0,23,10.557823129251702,cela_WJD_fraza,rucna_oznaka_NE,ODBIJEN,,,,,,,,,,,,,,,,,,,,,,,,,,,
NE,Let's Get Lost,Chet Baker,72,3,3,46,74,15,61,0.734930919740164,0.2,0.0,0.9349309197401641,20.92448979591837,20.92448979591837,24.471655328798185,28.86938775510204,"[70, 71, 69, 67, 64, 67, 69, 71, 67, 69, 71, 69, 67, 64, 67]","[68, 69, 67, 64, 63, 62, 67, 64, 67, 71, 67, 64, 59, 57]",C:\Users\nikol\Desktop\jazzdialog\output\wjd_phrase_excerpts\melid_72_phrase_3_split_15.mid,,,,,,,,,,,0,29,46,74,28.86938775510204,cela_WJD_fraza,rucna_oznaka_NE,ODBIJEN,,,,,0.282842712474619,inf,,,,,,,,,,,,,,,,,,,,,
DA,Blues for Blanche,Art Pepper,2,38+39,38+39,444,464,8,452,0.11538461538461539,0.045836339663025805,0.0,0.1612209550476412,119.08934240362812,119.08934240362812,121.21687074829931,122.95256235827664,"[73, 72, 70, 72, 73, 72, 70, 72]","[73, 72, 70, 72, 73, 72, 70, 73, 73, 72, 70, 72, 70]",C:\Users\nikol\Desktop\jazzdialog\output\wjd_phrase_excerpts\melid_2_phrase_38_39_split_8.mid,,,,,,,,,,,0,21,444,464,122.95256235827664,verzija_7bd878a,istorijski_DTW_incipit_i_feedback,CR,,,,,,,,,,,,,,,,,,,,,,,,,,,
DA,Blues for Blanche,Art Pepper,2,43+44,43+44,506,530,13,519,0.11845088536983571,0.0,0.14224245063341015,0.0,134.02267573696145,134.02267573696145,136.66122448979593,138.1530612244898,"[58, 61, 63, 58, 61, 63, 58, 61, 60, 58, 60, 63, 61]","[58, 61, 63, 60, 58, 60, 63, 58, 60, 61, 63, 61]",C:\Users\nikol\Desktop\jazzdialog\output\wjd_phrase_excerpts\melid_2_phrase_43_44_split_13.mid,,,,,,,,,,,0,25,506,530,138.1530612244898,verzija_7bd878a,istorijski_DTW_incipit_i_feedback,CR,,,,,,,,,,,,,,,,,,,,,,,,,,,
NE,In a Mellow Tone,Art Pepper,4,29,29,317,327,4,321,0.39254364239297945,0.0,0.0,0.39254364239297945,106.62458049886621,106.62458049886621,107.01569160997732,107.86249433106576,"[78, 79, 78, 75]","[77, 79, 77, 73, 75, 75, 77]",C:\Users\nikol\Desktop\jazzdialog\output\wjd_phrase_excerpts\melid_4_phrase_29_split_4.mid,,,,,,,,,,,0,11,317,327,107.86249433106576,verzija_7bd878a,istorijski_DTW_incipit_i_feedback,CR,,,,,,,,,,,,,,,,,,,,,,,,,,,
DA,My Funny Valentine,Stan Getz,402,1+2,1+2,0,14,7,7,,,,,4.995918367346939,4.995918367346939,8.568163265306122,11.481632653061224,"[65, 67, 68, 65, 67, 60, 65]","[65, 67, 67, 68, 65, 67, 65, 61]",C:\Users\nikol\Desktop\jazzdialog\output\wjd_phrase_excerpts\melid_402_phrase_1_2_split_7.mid,,,,,,,,,,,0,15,0,14,11.481632653061224,manual_reference_import,Rucno potvrdeno nakon preslusavanja; pocetni Excel par manual:11. Granica prelazi WJD fraze 1 i 2.,CR,manual:11,,,,,,,,,"User confirmed exact boundary: call notes 0:7, response notes 7:15.",,,,,,,,,,,,,,,,,
DA,Just Friends,Chet Baker,71,8+9+10+11,8+9+10+11,139,165,16,155,,,,,40.41836734693877,40.41836734693877,45.08571428571429,48.506122448979596,"[76, 74, 71, 69, 67, 69, 66, 67, 67, 69, 66, 67, 69, 71, 67, 69]","[74, 71, 74, 71, 69, 67, 59, 63, 57, 59, 60]",output/wjd_phrase_excerpts/manual_15_melid_71.mid,,,,,,,,,,,0,27,139,165,48.506122448979596,manual_reference_import,Rucno potvrdeno nakon preslusavanja; pocetni Excel par manual:15. WJD response se razlikuje samo u poslednjoj noti (60 umesto zapisanog 59). Granica prelazi WJD fraze 8-11.,CR,manual:15,,,,,,,,,"User confirmed: call notes 139:155, response notes 155:166.",,,,,,,,,,,,,,,,,
DA,Let's Get Lost,Chet Baker,72,1+2,1+2,19,33,5,24,,,,,8.187755102040816,8.187755102040816,11.932154195011337,15.703061224489796,"[64, 67, 65, 69, 64]","[79, 77, 81, 79, 76, 73, 77, 74, 76, 74]",output/wjd_phrase_excerpts/manual_16_melid_72.mid,,,,,,,,,,,0,15,19,33,15.703061224489796,manual_reference_import,Rucno potvrdeno nakon preslusavanja; pocetni Excel par manual:16. Call je tacan a response je povezan neposredno nakon call-a preko DTW oblika. Granica prelazi WJD fraze 1-2.,CR,manual:16,,,,,,,,,"User confirmed: call notes 19:24, response notes 24:34.",,,,,,,,,,,,,,,,,
DA,Long Ago and Far Away,Chet Baker,73,4,4,39,66,17,56,,,,,15.16843537414966,15.16843537414966,18.634013605442178,21.40879818594104,"[70, 73, 74, 70, 67, 63, 67, 70, 71, 72, 69, 65, 62, 65, 69, 69, 70]","[67, 63, 60, 62, 64, 65, 66, 69, 66, 64, 57]",output/wjd_phrase_excerpts/manual_17_melid_73.mid,,,,,,,,,,,0,28,39,66,21.40879818594104,manual_reference_import,Rucno potvrdeno nakon preslusavanja; pocetni Excel par manual:17. Vezana nota 70 ostaje kao poslednja call nota pa response pocinje narednom novom WJD notom.,CR,manual:17,,,,,,,,,User confirmed tied boundary: call notes 39:56; response new notes 56:67; shared tied pitch 70 belongs to call.,,,,,,,,,,,,,,,,,
DA,Blues in Be-Bop,Kenny Dorham,249,,MLU:lick->#lick,79,100,11,90,0.319438,,,0.319438,,,,,"[70, 72, 73, 75, 73, 72, 70, 73, 70, 73, 70]","[70, 72, 73, 67, 70, 73, 72, 73, 72, 71, 70]",C:\Users\nikol\Desktop\jazzdialog\output\mlu_review_midis\melid_249_phrase_mlu_001_split_11.mid,,,,,,,,,,,0,22,79,100,,wjd_mlu_back_reference_v1,Rucna provera WJD IDEA back-reference kandidata,MLU_REVIEWED,,,,,,,,,,,,,11,11,1.0,lick,#lick,variation,0.319438,0.319438,,1,,,,,
DA,Doodlin',Kenny Dorham,250,,MLU:lick->#lick,0,13,7,7,0.319438,,,0.319438,,,,,"[68, 70, 73, 75, 73, 70, 73]","[66, 70, 73, 76, 73, 70, 73]",C:\Users\nikol\Desktop\jazzdialog\output\mlu_review_midis\melid_250_phrase_mlu_002_split_7.mid,,,,,,,,,,,0,14,0,13,,wjd_mlu_back_reference_v1,Rucna provera WJD IDEA back-reference kandidata,MLU_REVIEWED,,,,,,,,,,,,,7,7,1.0,lick,#lick,variation,0.319438,0.53287,,2,,,,,
DA,A Night in Tunisia,Pepper Adams,354,,MLU:#lick->#lick,433,446,7,440,0.319438,,,0.319438,,,,,"[63, 61, 53, 55, 57, 60, 58]","[64, 62, 54, 56, 57, 60, 59]",C:\Users\nikol\Desktop\jazzdialog\output\mlu_review_midis\melid_354_phrase_mlu_003_split_7.mid,,,,,,,,,,,0,14,433,446,,wjd_mlu_back_reference_v1,Rucna provera WJD IDEA back-reference kandidata,MLU_REVIEWED,,,,,,,,,,,,,7,7,1.0,#lick,#lick,variation,0.319438,0.202031,,3,,,,,
NE,Montmartre,Dexter Gordon,123,,MLU:rhythm_si->#rhythm_sr,500,519,10,510,0.331662,,,0.331662,,,,,"[63, 64, 65, 64, 65, 66, 65, 63, 65, 65]","[65, 65, 65, 65, 65, 65, 65, 65, 65, 65]",C:\Users\nikol\Desktop\jazzdialog\output\mlu_review_midis\melid_123_phrase_mlu_004_split_10.mid,,,,,,,,,,,0,20,500,519,,wjd_mlu_back_reference_v1,Rucna provera WJD IDEA back-reference kandidata,MLU_REVIEWED,,,,,,,,,,,,,10,10,1.0,rhythm_si,#rhythm_sr,variation,0.331662,0.556776,,4,,,,,
DA,Vierd Blues,Miles Davis,326,,MLU:lick->#lick,89,106,9,98,0.333333,,,0.333333,,,,,"[66, 67, 66, 67, 66, 67, 66, 67, 70]","[63, 67, 66, 67, 66, 67, 66, 67, 70]",C:\Users\nikol\Desktop\jazzdialog\output\mlu_review_midis\melid_326_phrase_mlu_005_split_9.mid,,,,,,,,,,,0,18,89,106,,wjd_mlu_back_reference_v1,Rucna provera WJD IDEA back-reference kandidata,MLU_REVIEWED,,,,,,,,,,,,,9,9,1.0,lick,#lick,variation,0.333333,0.25,,5,,,,,
DA,Rumples,Chris Potter,83,,MLU:line_w_d->#line_w_a,283,310,14,297,0.339116,,,0.339116,,,,,"[71, 68, 70, 71, 70, 67, 69, 70, 69, 66, 68, 69, 68, 65]","[67, 68, 69, 70, 66, 67, 68, 70, 71, 68, 69, 71, 72, 68]",C:\Users\nikol\Desktop\jazzdialog\output\mlu_review_midis\melid_83_phrase_mlu_006_split_14.mid,,,,,,,,,,,0,28,283,310,,wjd_mlu_back_reference_v1,Rucna provera WJD IDEA back-reference kandidata,MLU_REVIEWED,,,,,,,,,,,,,14,14,1.0,line_w_d,#line_w_a,variation,0.339116,0.680839,,6,,,,,
DA,Soul Station,Hank Mobley,181,,MLU:lick_blues->#lick_blues,68,89,11,79,0.343592,,,0.343592,,,,,"[60, 58, 63, 65, 66, 67, 68, 70, 66, 67, 63]","[57, 59, 62, 63, 65, 66, 67, 72, 65, 67, 63]",C:\Users\nikol\Desktop\jazzdialog\output\mlu_review_midis\melid_181_phrase_mlu_007_split_11.mid,,,,,,,,,,,0,22,68,89,,wjd_mlu_back_reference_v1,Rucna provera WJD IDEA back-reference kandidata,MLU_REVIEWED,,,,,,,,,,,,,11,11,1.0,lick_blues,#lick_blues,variation,0.343592,0.484452,,7,,,,,
DA,U.M.M.G.,Branford Marsalis,43,,MLU:line_i_hw->#line_i_hd,619,646,14,633,0.371154,,,0.371154,,,,,"[63, 60, 63, 61, 63, 61, 63, 59, 63, 59, 63, 58, 63, 58]","[63, 58, 63, 58, 63, 58, 63, 58, 62, 58, 62, 58, 62, 58]",C:\Users\nikol\Desktop\jazzdialog\output\mlu_review_midis\melid_43_phrase_mlu_008_split_14.mid,,,,,,,,,,,0,28,619,646,,wjd_mlu_back_reference_v1,Rucna provera WJD IDEA back-reference kandidata,MLU_REVIEWED,,,,,,,,,,,,,14,14,1.0,line_i_hw,#line_i_hd,variation,0.371154,0.371154,,8,,,,,
DA,Arjuna,Chris Potter,79,,MLU:#lick->#lick,912,925,7,919,0.3849,,,0.3849,,,,,"[76, 78, 81, 76, 78, 76, 78]","[76, 78, 81, 81, 83, 78, 78]",C:\Users\nikol\Desktop\jazzdialog\output\mlu_review_midis\melid_79_phrase_mlu_009_split_7.mid,,,,,,,,,,,0,14,912,925,,wjd_mlu_back_reference_v1,Rucna provera WJD IDEA back-reference kandidata,MLU_REVIEWED,,,,,,,,,,,,,7,7,1.0,#lick,#lick,variation,0.3849,0.3849,,9,,,,,
NE,Bird Food,Ornette Coleman,336,,MLU:line_t_asdl->#line_t_asdl,482,501,10,492,0.396264,,,0.396264,,,,,"[72, 74, 72, 70, 69, 67, 65, 62, 63, 61]","[70, 72, 70, 70, 69, 67, 65, 63, 62, 58]",C:\Users\nikol\Desktop\jazzdialog\output\mlu_review_midis\melid_336_phrase_mlu_010_split_10.mid,,,,,,,,,,,0,20,482,501,,wjd_mlu_back_reference_v1,Rucna provera WJD IDEA back-reference kandidata,MLU_REVIEWED,,,,,,,,,,,,,10,10,1.0,line_t_asdl,#line_t_asdl,variation,0.396264,0.240523,,10,,,,,
NE,Blues on Sunday,Joshua Redman,243,,MLU:lick->#lick,16,41,13,29,0.415945,,,0.415945,,,,,"[51, 54, 56, 58, 56, 57, 55, 51, 56, 54, 48, 49, 51]","[51, 54, 56, 58, 60, 61, 58, 51, 55, 56, 51, 54, 51]",C:\Users\nikol\Desktop\jazzdialog\output\mlu_review_midis\melid_243_phrase_mlu_011_split_13.mid,,,,,,,,,,,0,26,16,41,,wjd_mlu_back_reference_v1,Rucna provera WJD IDEA back-reference kandidata,MLU_REVIEWED,,,,,,,,,,,,,13,13,1.0,lick,#lick,variation,0.415945,0.415945,,11,,,,,
NE,Impressions,John Coltrane,224,,MLU:#+lick->#lick,986,1001,8,994,0.424264,,,0.424264,,,,,"[74, 68, 69, 71, 67, 62, 60, 59]","[74, 69, 65, 64, 67, 62, 60, 59]",C:\Users\nikol\Desktop\jazzdialog\output\mlu_review_midis\melid_224_phrase_mlu_012_split_8.mid,,,,,,,,,,,0,16,986,1001,,wjd_mlu_back_reference_v1,Rucna provera WJD IDEA back-reference kandidata,MLU_REVIEWED,,,,,,,,,,,,,8,8,1.0,#+lick,#lick,variation,0.424264,0.424264,,12,,,,,
NE,Softly as in a Morning Sunrise,David Liebman,113,,MLU:~expressive->#expressive,260,291,16,276,0.424329,,,0.424329,,,,,"[63, 59, 63, 64, 64, 71, 75, 77, 82, 77, 77, 75, 70, 71, 65, 63]","[59, 64, 62, 65, 63, 77, 75, 77, 82, 84, 77, 75, 77, 70, 65, 63]",C:\Users\nikol\Desktop\jazzdialog\output\mlu_review_midis\melid_113_phrase_mlu_013_split_16.mid,,,,,,,,,,,0,32,260,291,,wjd_mlu_back_reference_v1,Rucna provera WJD IDEA back-reference kandidata,MLU_REVIEWED,,,,,,,,,,,,,16,16,1.0,~expressive,#expressive,variation,0.424329,0.7,,13,,,,,
NE,Heebie Jeebies,Johnny Dodds,236,,MLU:lick->#lick,68,93,13,81,0.442217,,,0.442217,,,,,"[76, 77, 80, 77, 80, 77, 72, 75, 72, 71, 70, 69, 77]","[74, 80, 77, 74, 73, 79, 77, 73, 72, 71, 70, 69, 77]",C:\Users\nikol\Desktop\jazzdialog\output\mlu_review_midis\melid_236_phrase_mlu_014_split_13.mid,,,,,,,,,,,0,26,68,93,,wjd_mlu_back_reference_v1,Rucna provera WJD IDEA back-reference kandidata,MLU_REVIEWED,,,,,,,,,,,,,13,13,1.0,lick,#lick,variation,0.442217,0.332756,,14,,,,,
DA,Society Red,Freddie Hubbard,169,,MLU:#lick->#lick,129,146,9,138,0.444444,,,0.444444,,,,,"[75, 83, 83, 77, 80, 80, 77, 80, 82]","[71, 83, 83, 77, 80, 80, 77, 80, 82]",C:\Users\nikol\Desktop\jazzdialog\output\mlu_review_midis\melid_169_phrase_mlu_015_split_9.mid,,,,,,,,,,,0,18,129,146,,wjd_mlu_back_reference_v1,Rucna provera WJD IDEA back-reference kandidata,MLU_REVIEWED,,,,,,,,,,,,,9,9,1.0,#lick,#lick,variation,0.444444,0.741819,,15,,,,,
NE,Arjuna,Chris Potter,79,,MLU:~lick->#lick,897,911,8,905,0.306186,,,0.306186,,,,,"[75, 77, 78, 83, 76, 78, 76, 78]","[76, 78, 81, 76, 78, 76, 78]",C:\Users\nikol\Desktop\jazzdialog\output\mlu_review_midis\melid_79_phrase_mlu_006_split_8.mid,,,,,,,,,,,0,15,897,911,,wjd_mlu_back_reference_v1,Rucna provera WJD IDEA back-reference kandidata,MLU_REVIEWED,,,,,,,,,,,,,8,7,0.875,~lick,#lick,variation,0.306186,0.467707,,6,,,,,
DA,Nature Boy,John Coltrane,229,,MLU:#lick->#lick,369,395,14,383,0.318689,,,0.318689,,,,,"[69, 71, 68, 70, 72, 69, 72, 69, 71, 73, 71, 69, 66, 62]","[69, 71, 68, 65, 69, 71, 73, 71, 73, 69, 65, 63, 62]",C:\Users\nikol\Desktop\jazzdialog\output\mlu_review_midis\melid_229_phrase_mlu_001_split_14.mid,,,,,,,,,,,0,27,369,395,,wjd_mlu_back_reference_v1,Rucna provera WJD IDEA back-reference kandidata,MLU_REVIEWED,,,,,,,,,,,,,14,13,0.929,#lick,#lick,variation,0.318689,0.318689,,1,,,,,
DA,Togo,Chris Potter,84,,MLU:#lick->#lick,291,317,13,304,0.30932,,,0.30932,,,,,"[69, 67, 65, 69, 67, 65, 67, 65, 62, 65, 67, 67, 67]","[69, 67, 65, 69, 67, 65, 72, 70, 69, 67, 65, 67, 67, 67]",C:\Users\nikol\Desktop\jazzdialog\output\mlu_review_midis\melid_84_phrase_mlu_002_split_13.mid,,,,,,,,,,,0,27,291,317,,wjd_mlu_back_reference_v1,Rucna provera WJD IDEA back-reference kandidata,MLU_REVIEWED,,,,,,,,,,,,,13,14,1.077,#lick,#lick,variation,0.30932,0.30932,,2,,,,,
NE,Donna Lee,Charlie Parker,55,,MLU:#lick->#lick,172,196,13,185,0.339935,,,0.339935,,,,,"[59, 60, 63, 67, 68, 63, 67, 68, 68, 67, 68, 67, 68]","[59, 60, 67, 68, 67, 68, 67, 68, 67, 67, 68, 67]",C:\Users\nikol\Desktop\jazzdialog\output\mlu_review_midis\melid_55_phrase_mlu_003_split_13.mid,,,,,,,,,,,0,25,172,196,,wjd_mlu_back_reference_v1,Rucna provera WJD IDEA back-reference kandidata,MLU_REVIEWED,,,,,,,,,,,,,13,12,0.923,#lick,#lick,variation,0.339935,0.339935,,3,,,,,
DA,Three Little Words,Branford Marsalis,42,,MLU:#lick->#lick,1065,1081,9,1074,0.333333,,,0.333333,,,,,"[60, 63, 64, 67, 64, 67, 65, 62, 67]","[60, 63, 64, 67, 64, 67, 65, 67]",C:\Users\nikol\Desktop\jazzdialog\output\mlu_review_midis\melid_42_phrase_mlu_004_split_9.mid,,,,,,,,,,,0,17,1065,1081,,wjd_mlu_back_reference_v1,Rucna provera WJD IDEA back-reference kandidata,MLU_REVIEWED,,,,,,,,,,,,,9,8,0.889,#lick,#lick,variation,0.333333,0.333333,,4,,,,,
NE,Society Red,Freddie Hubbard,169,,MLU:#3lick->#lick,73,104,17,90,0.360824,,,0.360824,,,,,"[80, 77, 71, 70, 68, 65, 70, 65, 71, 65, 68, 65, 71, 65, 70, 68, 65]","[75, 71, 70, 68, 68, 65, 68, 65, 71, 65, 70, 65, 68, 65, 65]",C:\Users\nikol\Desktop\jazzdialog\output\mlu_review_midis\melid_169_phrase_mlu_005_split_17.mid,,,,,,,,,,,0,32,73,104,,wjd_mlu_back_reference_v1,Rucna provera WJD IDEA back-reference kandidata,MLU_REVIEWED,,,,,,,,,,,,,17,15,0.882,#3lick,#lick,variation,0.360824,0.653622,,5,,,,,
DA,Line for Lyons,Gerry Mulligan,173,,MLU:~lick->#lick,108,124,8,116,0.352089,,,0.352089,,,,,"[62, 64, 62, 61, 62, 64, 65, 60]","[62, 60, 59, 60, 62, 63, 65, 67, 60]",C:\Users\nikol\Desktop\jazzdialog\output\mlu_review_midis\melid_173_phrase_mlu_007_split_8.mid,,,,,,,,,,,0,17,108,124,,wjd_mlu_back_reference_v1,Rucna provera WJD IDEA back-reference kandidata,MLU_REVIEWED,,,,,,,,,,,,,8,9,1.125,~lick,#lick,variation,0.352089,0.352089,,7,,,,,
NE,Soul Station,Hank Mobley,181,,MLU:#lick_blues->#lick_blues,447,461,8,455,0.374166,,,0.374166,,,,,"[63, 66, 63, 66, 65, 66, 63, 63]","[63, 68, 66, 63, 63, 65, 65]",C:\Users\nikol\Desktop\jazzdialog\output\mlu_review_midis\melid_181_phrase_mlu_008_split_8.mid,,,,,,,,,,,0,15,447,461,,wjd_mlu_back_reference_v1,Rucna provera WJD IDEA back-reference kandidata,MLU_REVIEWED,,,,,,,,,,,,,8,7,0.875,#lick_blues,#lick_blues,variation,0.374166,0.374166,,8,,,,,
NE,In 'n Out,Kenny Dorham,251,,MLU:lick->#lick,262,276,7,269,0.3,,,0.3,,,,,"[75, 74, 76, 78, 79, 80, 76]","[75, 74, 75, 79, 77, 76, 75, 74]",C:\Users\nikol\Desktop\jazzdialog\output\mlu_review_midis\melid_251_phrase_mlu_009_split_7.mid,,,,,,,,,,,0,15,262,276,,wjd_mlu_back_reference_v1,Rucna provera WJD IDEA back-reference kandidata,MLU_REVIEWED,,,,,,,,,,,,,7,8,1.143,lick,#lick,variation,0.3,0.3,,9,,,,,
DA,Basin Street Blues,Louis Armstrong,291,,MLU:melody->#melody,170,184,7,177,0.374828,,,0.374828,,,,,"[69, 72, 72, 70, 70, 69, 67]","[67, 68, 70, 69, 69, 67, 69, 67]",C:\Users\nikol\Desktop\jazzdialog\output\mlu_review_midis\melid_291_phrase_mlu_010_split_7.mid,,,,,,,,,,,0,15,170,184,,wjd_mlu_back_reference_v1,Rucna provera WJD IDEA back-reference kandidata,MLU_REVIEWED,,,,,,,,,,,,,7,8,1.143,melody,#melody,variation,0.374828,0.333333,,10,,,,,
NE,Sandu,Clifford Brown,94,,MLU:#line_w_d->#line_w_d,59,95,20,79,0.321792,,,0.321792,,,,,"[68, 70, 72, 74, 77, 73, 75, 73, 74, 73, 72, 71, 70, 69, 68, 66, 67, 65, 64, 60]","[73, 74, 73, 72, 70, 69, 67, 68, 63, 64, 67, 65, 64, 63, 61, 62, 58]",C:\Users\nikol\Desktop\jazzdialog\output\mlu_review_midis\melid_94_phrase_mlu_011_split_20.mid,,,,,,,,,,,0,37,59,95,,wjd_mlu_back_reference_v1,Rucna provera WJD IDEA back-reference kandidata,MLU_REVIEWED,,,,,,,,,,,,,20,17,0.85,#line_w_d,#line_w_d,variation,0.321792,0.592546,,11,,,,,
NE,Softly as in a Morning Sunrise,David Liebman,113,,MLU:lick->#lick,925,948,13,938,0.368514,,,0.368514,,,,,"[66, 65, 63, 65, 65, 63, 65, 63, 63, 63, 65, 65, 63]","[67, 66, 67, 72, 64, 65, 66, 65, 63, 65, 63]",C:\Users\nikol\Desktop\jazzdialog\output\mlu_review_midis\melid_113_phrase_mlu_012_split_13.mid,,,,,,,,,,,0,24,925,948,,wjd_mlu_back_reference_v1,Rucna provera WJD IDEA back-reference kandidata,MLU_REVIEWED,,,,,,,,,,,,,13,11,0.846,lick,#lick,variation,0.368514,0.390312,,12,,,,,
DA,Joy Spring,Clifford Brown,93,,MLU:lick->#lick,348,378,17,365,0.37081,,,0.37081,,,,,"[69, 72, 75, 72, 73, 74, 79, 74, 72, 68, 67, 69, 70, 64, 65, 62, 64]","[71, 72, 77, 72, 70, 68, 69, 65, 67, 68, 62, 63, 60, 62]",C:\Users\nikol\Desktop\jazzdialog\output\mlu_review_midis\melid_93_phrase_mlu_013_split_17.mid,,,,,,,,,,,0,31,348,378,,wjd_mlu_back_reference_v1,Rucna provera WJD IDEA back-reference kandidata,MLU_REVIEWED,,,,,,,,,,,,,17,14,0.824,lick,#lick,variation,0.37081,0.479583,,13,,,,,
NE,Baby Won't You Please Come Home,Henry Allen,183,,MLU:~#4lick->#lick,127,155,16,143,0.304911,,,0.304911,,,,,"[77, 74, 77, 76, 75, 74, 73, 74, 73, 74, 73, 74, 72, 67, 70, 67]","[73, 74, 73, 74, 77, 74, 70, 70, 70, 69, 69, 67, 65]",C:\Users\nikol\Desktop\jazzdialog\output\mlu_review_midis\melid_183_phrase_mlu_014_split_16.mid,,,,,,,,,,,0,29,127,155,,wjd_mlu_back_reference_v1,Rucna provera WJD IDEA back-reference kandidata,MLU_REVIEWED,,,,,,,,,,,,,16,13,0.812,~#4lick,#lick,variation,0.304911,0.372678,,14,,,,,
NE,Destination K.C.,Dickie Wells,128,,MLU:lick->#lick_blues,107,128,10,117,0.305505,,,0.305505,,,,,"[60, 60, 67, 64, 65, 65, 65, 64, 62, 60]","[60, 63, 60, 63, 60, 67, 68, 65, 64, 63, 60, 60]",C:\Users\nikol\Desktop\jazzdialog\output\mlu_review_midis\melid_128_phrase_mlu_015_split_10.mid,,,,,,,,,,,0,22,107,128,,wjd_mlu_back_reference_v1,Rucna provera WJD IDEA back-reference kandidata,MLU_REVIEWED,,,,,,,,,,,,,10,12,1.2,lick,#lick_blues,variation,0.305505,0.305505,,15,,,,,
NE,Nature Boy,John Coltrane,229,,MLU:#lick->#lick,139,161,12,151,0.342559,,,0.342559,,,,,"[69, 71, 64, 67, 69, 71, 74, 79, 74, 71, 69, 71]","[69, 71, 67, 69, 71, 74, 71, 78, 79, 74, 71]",C:\Users\nikol\Desktop\jazzdialog\output\mlu_review_midis\melid_229_phrase_mlu_001_split_12.mid,,,,,,,,,,,0,23,139,161,,wjd_mlu_back_reference_v1,Rucna provera WJD IDEA back-reference kandidata,MLU_REVIEWED,,,,,,,,,,,,,12,11,0.917,#lick,#lick,variation,0.342559,0.342559,,1,,,,,
NE,Society Red,Freddie Hubbard,169,,MLU:lick->#lick,112,128,8,120,0.31427,,,0.31427,,,,,"[83, 83, 79, 80, 80, 77, 80, 82]","[81, 83, 83, 77, 80, 80, 77, 80, 82]",C:\Users\nikol\Desktop\jazzdialog\output\mlu_review_midis\melid_169_phrase_mlu_002_split_8.mid,,,,,,,,,,,0,17,112,128,,wjd_mlu_back_reference_v1,Rucna provera WJD IDEA back-reference kandidata,MLU_REVIEWED,,,,,,,,,,,,,8,9,1.125,lick,#lick,variation,0.31427,0.5,,2,,,,,
NE,Tears in Heaven,Joshua Redman,247,,MLU:melody->#melody,119,152,19,138,0.314576,,,0.314576,,,,,"[50, 58, 58, 58, 58, 58, 60, 57, 57, 55, 57, 57, 55, 57, 57, 54, 57, 57, 50]","[50, 56, 56, 55, 56, 56, 58, 55, 55, 54, 55, 55, 53, 55, 51]",C:\Users\nikol\Desktop\jazzdialog\output\mlu_review_midis\melid_247_phrase_mlu_003_split_19.mid,,,,,,,,,,,0,34,119,152,,wjd_mlu_back_reference_v1,Rucna provera WJD IDEA back-reference kandidata,MLU_REVIEWED,,,,,,,,,,,,,19,15,0.789,melody,#melody,variation,0.314576,0.314576,,3,,,,,
DA,The Sidewinder,Lee Morgan,276,,MLU:~lick->#lick,47,77,14,61,0.367353,,,0.367353,,,,,"[68, 68, 68, 68, 68, 68, 68, 66, 68, 70, 66, 63, 63, 63]","[65, 68, 68, 68, 68, 68, 66, 68, 68, 70, 63, 70, 68, 67, 63, 61, 63]",C:\Users\nikol\Desktop\jazzdialog\output\mlu_review_midis\melid_276_phrase_mlu_004_split_14.mid,,,,,,,,,,,0,31,47,77,,wjd_mlu_back_reference_v1,Rucna provera WJD IDEA back-reference kandidata,MLU_REVIEWED,,,,,,,,,,,,,14,17,1.214,~lick,#lick,variation,0.367353,0.292914,,4,,,,,
DA,Sweet and Lovely,Don Ellis,150,,MLU:line_t_alds->#line_t_alds,0,19,9,9,0.300463,,,0.300463,,,,,"[59, 60, 62, 64, 67, 68, 69, 74, 67]","[59, 60, 62, 64, 67, 70, 72, 73, 75, 76, 68]",C:\Users\nikol\Desktop\jazzdialog\output\mlu_review_midis\melid_150_phrase_mlu_005_split_9.mid,,,,,,,,,,,0,20,0,19,,wjd_mlu_back_reference_v1,Rucna provera WJD IDEA back-reference kandidata,MLU_REVIEWED,,,,,,,,,,,,,9,11,1.222,line_t_alds,#line_t_alds,variation,0.300463,0.300463,,5,,,,,
DA,In a Mellow Tone,Art Pepper,4,,MLU:lick->#lick,317,335,11,328,0.353553,,,0.353553,,,,,"[78, 79, 78, 75, 77, 79, 77, 73, 75, 75, 77]","[75, 78, 79, 77, 75, 77, 75, 77]",C:\Users\nikol\Desktop\jazzdialog\output\mlu_review_midis\melid_4_phrase_mlu_006_split_11.mid,,,,,,,,,,,0,19,317,335,,wjd_mlu_back_reference_v1,Rucna provera WJD IDEA back-reference kandidata,MLU_REVIEWED,,,,,,,,,,,,,11,8,0.727,lick,#lick,variation,0.353553,0.679366,,6,,,,,
DA,It's a Wonderful World,Benny Carter,9,,MLU:#lick->#lick,65,80,7,72,0.368514,,,0.368514,,,,,"[67, 69, 67, 71, 72, 69, 63]","[64, 67, 69, 67, 70, 72, 69, 63, 62]",C:\Users\nikol\Desktop\jazzdialog\output\mlu_review_midis\melid_9_phrase_mlu_007_split_7.mid,,,,,,,,,,,0,16,65,80,,wjd_mlu_back_reference_v1,Rucna provera WJD IDEA back-reference kandidata,MLU_REVIEWED,,,,,,,,,,,,,7,9,1.286,#lick,#lick,variation,0.368514,0.49793,,7,,,,,
DA,245,Eric Dolphy,153,,MLU:lick->#lick,315,335,9,324,0.311805,,,0.311805,,,,,"[72, 72, 70, 72, 75, 72, 70, 68, 65]","[70, 72, 72, 72, 71, 72, 75, 72, 70, 68, 65, 68]",C:\Users\nikol\Desktop\jazzdialog\output\mlu_review_midis\melid_153_phrase_mlu_008_split_9.mid,,,,,,,,,,,0,21,315,335,,wjd_mlu_back_reference_v1,Rucna provera WJD IDEA back-reference kandidata,MLU_REVIEWED,,,,,,,,,,,,,9,12,1.333,lick,#lick,variation,0.311805,0.437163,,8,,,,,
DA,Once in a While,Louis Armstrong,297,,MLU:lick->#lick,159,179,9,168,0.36891,,,0.36891,,,,,"[74, 74, 72, 74, 72, 74, 74, 71, 72]","[74, 74, 72, 74, 72, 69, 74, 72, 69, 72, 72, 75]",C:\Users\nikol\Desktop\jazzdialog\output\mlu_review_midis\melid_297_phrase_mlu_009_split_9.mid,,,,,,,,,,,0,21,159,179,,wjd_mlu_back_reference_v1,Rucna provera WJD IDEA back-reference kandidata,MLU_REVIEWED,,,,,,,,,,,,,9,12,1.333,lick,#lick,variation,0.36891,0.36891,,9,,,,,
DA,This Can't Be Love,Gerry Mulligan,176,,MLU:lick->#lick,702,724,14,716,0.371154,,,0.371154,,,,,"[63, 64, 60, 62, 64, 60, 62, 60, 62, 60, 58, 56, 54, 53]","[60, 62, 60, 65, 60, 62, 60, 56, 53]",C:\Users\nikol\Desktop\jazzdialog\output\mlu_review_midis\melid_176_phrase_mlu_010_split_14.mid,,,,,,,,,,,0,23,702,724,,wjd_mlu_back_reference_v1,Rucna provera WJD IDEA back-reference kandidata,MLU_REVIEWED,,,,,,,,,,,,,14,9,0.643,lick,#lick,variation,0.371154,0.5,,10,,,,,
NE,E.S.P.,Miles Davis,315,,MLU:lick->#lick,788,806,8,796,0.352089,,,0.352089,,,,,"[71, 70, 71, 70, 70, 70, 68, 68]","[68, 68, 70, 71, 70, 70, 69, 70, 70, 68, 67]",C:\Users\nikol\Desktop\jazzdialog\output\mlu_review_midis\melid_315_phrase_mlu_011_split_8.mid,,,,,,,,,,,0,19,788,806,,wjd_mlu_back_reference_v1,Rucna provera WJD IDEA back-reference kandidata,MLU_REVIEWED,,,,,,,,,,,,,8,11,1.375,lick,#lick,variation,0.352089,0.390312,,11,,,,,
NE,Oleo,Red Garland,365,,MLU:lick->#lick,348,379,20,368,0.371917,,,0.371917,,,,,"[46, 50, 48, 46, 41, 43, 45, 46, 48, 50, 51, 53, 53, 50, 51, 51, 48, 50, 50, 46]","[46, 46, 41, 45, 45, 45, 46, 48, 50, 51, 53, 43]",C:\Users\nikol\Desktop\jazzdialog\output\mlu_review_midis\melid_365_phrase_mlu_012_split_20.mid,,,,,,,,,,,0,32,348,379,,wjd_mlu_back_reference_v1,Rucna provera WJD IDEA back-reference kandidata,MLU_REVIEWED,,,,,,,,,,,,,20,12,0.6,lick,#lick,variation,0.371917,0.371917,,12,,,,,
NE,Arjuna,Chris Potter,79,,MLU:#lick->#lick,919,935,7,926,0.374166,,,0.374166,,,,,"[76, 78, 81, 81, 83, 78, 78]","[76, 78, 81, 76, 78, 81, 82, 83, 78, 78]",C:\Users\nikol\Desktop\jazzdialog\output\mlu_review_midis\melid_79_phrase_mlu_013_split_7.mid,,,,,,,,,,,0,17,919,935,,wjd_mlu_back_reference_v1,Rucna provera WJD IDEA back-reference kandidata,MLU_REVIEWED,,,,,,,,,,,,,7,10,1.429,#lick,#lick,variation,0.374166,0.374166,,13,,,,,
DA,Footprints,Wayne Shorter,431,,MLU:~lick->#lick,324,343,8,332,0.343592,,,0.343592,,,,,"[63, 67, 72, 70, 65, 63, 58, 55]","[60, 63, 67, 72, 70, 67, 65, 63, 58, 55, 53, 55]",C:\Users\nikol\Desktop\jazzdialog\output\mlu_review_midis\melid_431_phrase_mlu_014_split_8.mid,,,,,,,,,,,0,20,324,343,,wjd_mlu_back_reference_v1,Rucna provera WJD IDEA back-reference kandidata,MLU_REVIEWED,,,,,,,,,,,,,8,12,1.5,~lick,#lick,variation,0.343592,0.485913,,14,,,,,
DA,Society Red,Dexter Gordon,124,,MLU:#lick_blues->#lick_blues,269,286,7,276,0.340151,,,0.340151,,,,,"[68, 65, 70, 68, 68, 65, 68]","[68, 65, 70, 68, 68, 68, 67, 68, 65, 63, 65]",C:\Users\nikol\Desktop\jazzdialog\output\mlu_review_midis\melid_124_phrase_mlu_015_split_7.mid,,,,,,,,,,,0,18,269,286,,wjd_mlu_back_reference_v1,Rucna provera WJD IDEA back-reference kandidata,MLU_REVIEWED,,,,,,,,,,,,,7,11,1.571,#lick_blues,#lick_blues,variation,0.340151,0.340151,,15,,,,,
NE,Cognac Blues,Dizzy Gillespie,136,,MLU:#lick->#lick,10,35,10,20,0.32476,,,0.32476,,,,,"[72, 77, 81, 82, 82, 81, 82, 82, 81, 77]","[72, 77, 81, 82, 82, 81, 82, 82, 81, 82, 82, 81, 82, 82, 81, 82]",C:\Users\nikol\Desktop\jazzdialog\output\mlu_review_midis\melid_136_phrase_mlu_016_split_10.mid,,,,,,,,,,,0,26,10,35,,wjd_mlu_back_reference_v1,Rucna provera WJD IDEA back-reference kandidata,MLU_REVIEWED,,,,,,,,,,,,,10,16,1.6,#lick,#lick,variation,0.32476,0.32476,,16,,,,,
NE,Sophisticated Lady,Coleman Hawkins,100,,MLU:#lick->#lick,300,323,8,308,0.336573,,,0.336573,,,,,"[55, 57, 60, 62, 63, 64, 65, 61]","[53, 55, 56, 58, 60, 61, 63, 61, 63, 63, 64, 60, 64, 65, 60, 58]",C:\Users\nikol\Desktop\jazzdialog\output\mlu_review_midis\melid_100_phrase_mlu_017_split_8.mid,,,,,,,,,,,0,24,300,323,,wjd_mlu_back_reference_v1,Rucna provera WJD IDEA back-reference kandidata,MLU_REVIEWED,,,,,,,,,,,,,8,16,2.0,#lick,#lick,variation,0.336573,0.279508,,17,,,,,
DA,Impressions,John Coltrane,225,,MLU:#theme:t1->#theme:t1,205,228,8,213,0.359035,,,0.359035,,,,,"[71, 69, 71, 69, 71, 69, 65, 62]","[71, 69, 71, 69, 71, 71, 69, 71, 69, 71, 69, 65, 65, 62, 58, 65]",C:\Users\nikol\Desktop\jazzdialog\output\mlu_review_midis\melid_225_phrase_mlu_018_split_8.mid,,,,,,,,,,,0,24,205,228,,wjd_mlu_back_reference_v1,Rucna provera WJD IDEA back-reference kandidata,MLU_REVIEWED,,,,,,,,,,,,,8,16,2.0,#theme:t1,#theme:t1,variation,0.359035,0.359035,,18,,,,,
NE,Be My Love,Phil Woods,359,,MLU:lick->#-lick,58,71,7,65,0.375,,,0.375,,,,,"[58, 57, 56, 58, 60, 64, 67]","[57, 56, 55, 57, 59, 62, 66]",C:\Users\nikol\Desktop\jazzdialog\output\mlu_review_midis\melid_359_phrase_mlu_019_split_7.mid,,,,,,,,,,,0,14,58,71,,wjd_mlu_back_reference_v1,Rucna provera WJD IDEA back-reference kandidata,MLU_REVIEWED,,,,,,,,,,,,,7,7,1.0,lick,#-lick,transposed_down,0.375,0.142857,,19,,,,,
DA,Pass It On,Von Freeman,422,,MLU:lick->#+lick,159,183,13,172,0.317162,,,0.317162,,,,,"[68, 67, 66, 68, 64, 66, 63, 68, 67, 69, 68, 70, 71]","[68, 67, 66, 71, 63, 66, 63, 69, 68, 69, 70, 73]",C:\Users\nikol\Desktop\jazzdialog\output\mlu_review_midis\melid_422_phrase_mlu_020_split_13.mid,,,,,,,,,,,0,25,159,183,,wjd_mlu_back_reference_v1,Rucna provera WJD IDEA back-reference kandidata,MLU_REVIEWED,,,,,,,,,,,,,13,12,0.923,lick,#+lick,transposed_up,0.317162,0.317162,,20,,,,,
DA,Body and Soul,Coleman Hawkins,96,,MLU:~#melody->#+lick,564,580,8,572,0.31427,,,0.31427,,,,,"[58, 58, 64, 71, 76, 70, 64, 58]","[58, 58, 65, 70, 77, 70, 65, 60, 58]",C:\Users\nikol\Desktop\jazzdialog\output\mlu_review_midis\melid_96_phrase_mlu_021_split_8.mid,,,,,,,,,,,0,17,564,580,,wjd_mlu_back_reference_v1,Rucna provera WJD IDEA back-reference kandidata,MLU_REVIEWED,,,,,,,,,,,,,8,9,1.125,~#melody,#+lick,transposed_up,0.31427,0.31427,,21,,,,,
DA,Body and Soul,Sonny Stitt,393,,MLU:#lick->#-lick,115,131,8,123,0.351364,,,0.351364,,,,,"[58, 63, 65, 66, 68, 73, 77, 75]","[57, 62, 64, 65, 66, 69, 71, 76, 74]",C:\Users\nikol\Desktop\jazzdialog\output\mlu_review_midis\melid_393_phrase_mlu_022_split_8.mid,,,,,,,,,,,0,17,115,131,,wjd_mlu_back_reference_v1,Rucna provera WJD IDEA back-reference kandidata,MLU_REVIEWED,,,,,,,,,,,,,8,9,1.125,#lick,#-lick,transposed_down,0.351364,0.272166,,22,,,,,
NE,Body and Soul,Stan Getz,398,,MLU:#-line_d->#-line_d,475,489,7,482,0.375,,,0.375,,,,,"[71, 70, 68, 66, 65, 63, 62]","[69, 70, 68, 66, 65, 63, 61, 60]",C:\Users\nikol\Desktop\jazzdialog\output\mlu_review_midis\melid_398_phrase_mlu_023_split_7.mid,,,,,,,,,,,0,15,475,489,,wjd_mlu_back_reference_v1,Rucna provera WJD IDEA back-reference kandidata,MLU_REVIEWED,,,,,,,,,,,,,7,8,1.143,#-line_d,#-line_d,transposed_down,0.375,0.176777,,23,,,,,
NE,Juju,Wayne Shorter,433,,MLU:#+line_a->#+line_a,562,583,10,572,0.300463,,,0.300463,,,,,"[55, 56, 57, 59, 63, 67, 69, 71, 73, 74]","[53, 55, 57, 60, 63, 65, 67, 69, 70, 71, 74, 75]",C:\Users\nikol\Desktop\jazzdialog\output\mlu_review_midis\melid_433_phrase_mlu_024_split_10.mid,,,,,,,,,,,0,22,562,583,,wjd_mlu_back_reference_v1,Rucna provera WJD IDEA back-reference kandidata,MLU_REVIEWED,,,,,,,,,,,,,10,12,1.2,#+line_a,#+line_a,transposed_up,0.300463,0.34401,,24,,,,,
DA,The Everywhere Calypso,Sonny Rollins,388,,MLU:~melody->#-melody,265,282,10,275,0.369755,,,0.369755,,,,,"[52, 55, 55, 55, 55, 55, 55, 55, 55, 57]","[57, 53, 53, 53, 53, 53, 53, 55]",C:\Users\nikol\Desktop\jazzdialog\output\mlu_review_midis\melid_388_phrase_mlu_025_split_10.mid,,,,,,,,,,,0,18,265,282,,wjd_mlu_back_reference_v1,Rucna provera WJD IDEA back-reference kandidata,MLU_REVIEWED,,,,,,,,,,,,,10,8,0.8,~melody,#-melody,transposed_down,0.369755,1.160886,,25,,,,,
NE,No Greater Love,David Liebman,109,,MLU:#+line_a->#+line_a,76,92,10,86,0.360555,,,0.360555,,,,,"[54, 57, 58, 60, 62, 63, 65, 66, 67, 68]","[56, 58, 59, 63, 66, 68, 70]",C:\Users\nikol\Desktop\jazzdialog\output\mlu_review_midis\melid_109_phrase_mlu_026_split_10.mid,,,,,,,,,,,0,17,76,92,,wjd_mlu_back_reference_v1,Rucna provera WJD IDEA back-reference kandidata,MLU_REVIEWED,,,,,,,,,,,,,10,7,0.7,#+line_a,#+line_a,transposed_up,0.360555,0.264575,,26,,,,,
NE,A Night in Tunisia,Pepper Adams,354,,MLU:line_w->#+line_w,340,358,8,348,0.352089,,,0.352089,,,,,"[64, 62, 64, 62, 59, 58, 59, 57]","[65, 63, 65, 63, 60, 58, 60, 58, 57, 55, 55]",C:\Users\nikol\Desktop\jazzdialog\output\mlu_review_midis\melid_354_phrase_mlu_027_split_8.mid,,,,,,,,,,,0,19,340,358,,wjd_mlu_back_reference_v1,Rucna provera WJD IDEA back-reference kandidata,MLU_REVIEWED,,,,,,,,,,,,,8,11,1.375,line_w,#+line_w,transposed_up,0.352089,0.406558,,27,,,,,
NE,I'll Remember April,Sonny Rollins,382,,MLU:lick->#+lick,170,199,20,190,0.300463,,,0.300463,,,,,"[55, 58, 62, 66, 69, 68, 67, 66, 69, 68, 67, 66, 69, 68, 67, 66, 69, 68, 67, 66]","[57, 64, 67, 68, 71, 70, 69, 71, 70, 69]",C:\Users\nikol\Desktop\jazzdialog\output\mlu_review_midis\melid_382_phrase_mlu_028_split_20.mid,,,,,,,,,,,0,30,170,199,,wjd_mlu_back_reference_v1,Rucna provera WJD IDEA back-reference kandidata,MLU_REVIEWED,,,,,,,,,,,,,20,10,0.5,lick,#+lick,transposed_up,0.300463,0.233285,,28,,,,,
NE,Three Little Words,Branford Marsalis,42,,MLU:#+lick->#+lick,265,283,7,272,0.339935,,,0.339935,,,,,"[70, 67, 70, 67, 63, 64, 67]","[72, 70, 70, 69, 70, 69, 69, 70, 72, 68, 69, 65]",C:\Users\nikol\Desktop\jazzdialog\output\mlu_review_midis\melid_42_phrase_mlu_029_split_7.mid,,,,,,,,,,,0,19,265,283,,wjd_mlu_back_reference_v1,Rucna provera WJD IDEA back-reference kandidata,MLU_REVIEWED,,,,,,,,,,,,,7,12,1.714,#+lick,#+lick,transposed_up,0.339935,0.33503,,29,,,,,
NE,The Sidewinder,Lee Morgan,276,,MLU:lick->#lick,332,356,15,347,0.30932,,,0.30932,,,,,"[70, 75, 80, 81, 79, 80, 81, 79, 77, 76, 73, 74, 72, 70, 68]","[72, 75, 79, 75, 71, 70, 72, 71, 68, 67]",C:\Users\nikol\Desktop\jazzdialog\output\mlu_review_midis\melid_276_phrase_mlu_001_split_15.mid,,,,,,,,,,,0,25,332,356,,wjd_mlu_back_reference_v1,Rucna provera WJD IDEA back-reference kandidata,MLU_REVIEWED,,,,,,,,,,,,,15,10,0.667,lick,#lick,variation,0.30932,0.482376,,1,,,,,
NE,Once in a While,Louis Armstrong,297,,MLU:#6lick->#lick,106,138,13,119,0.322968,,,0.322968,,,,,"[79, 76, 79, 77, 80, 80, 76, 74, 71, 68, 64, 62, 62]","[76, 81, 76, 81, 76, 81, 75, 76, 74, 72, 73, 74, 69, 70, 66, 69, 67, 62, 63, 64]",C:\Users\nikol\Desktop\jazzdialog\output\mlu_review_midis\melid_297_phrase_mlu_002_split_13.mid,,,,,,,,,,,0,33,106,138,,wjd_mlu_back_reference_v1,Rucna provera WJD IDEA back-reference kandidata,MLU_REVIEWED,,,,,,,,,,,,,13,20,1.538,#6lick,#lick,variation,0.322968,0.489975,,2,,,,,
NE,Nature Boy,John Coltrane,229,,MLU:#lick->#+lick,1000,1029,16,1016,0.368514,,,0.368514,,,,,"[72, 69, 71, 68, 66, 63, 61, 63, 65, 68, 71, 70, 68, 70, 65, 63]","[70, 69, 69, 67, 64, 67, 63, 67, 69, 71, 69, 66, 62, 59]",C:\Users\nikol\Desktop\jazzdialog\output\mlu_review_midis\melid_229_phrase_mlu_003_split_16.mid,,,,,,,,,,,0,30,1000,1029,,wjd_mlu_back_reference_v1,Rucna provera WJD IDEA back-reference kandidata,MLU_REVIEWED,,,,,,,,,,,,,16,14,0.875,#lick,#+lick,transposed_up,0.368514,0.372161,,3,,,,,
NE,Easy to Love,Steve Lacy,415,,MLU:lick->#lick,396,411,8,404,0.447214,,,0.447214,,,,,"[76, 72, 68, 69, 64, 69, 74, 74]","[76, 68, 69, 71, 69, 64, 69, 74]",C:\Users\nikol\Desktop\jazzdialog\output\mlu_review_midis\melid_415_phrase_mlu_001_split_8.mid,,,,,,,,,,,0,16,396,411,,wjd_mlu_back_reference_v1,Rucna provera WJD IDEA back-reference kandidata,MLU_REVIEWED,,,,,,,,,,,,,8,8,1.0,lick,#lick,variation,0.447214,0.447214,,1,,,,,
NE,Blue Train,John Coltrane,218,,MLU:lick->#lick,0,30,16,16,0.384057,,,0.384057,,,,,"[65, 63, 65, 63, 61, 58, 63, 65, 63, 65, 63, 61, 63, 65, 64, 65]","[64, 65, 63, 65, 63, 68, 66, 63, 65, 63, 68, 66, 63, 65, 63]",C:\Users\nikol\Desktop\jazzdialog\output\mlu_review_midis\melid_218_phrase_mlu_002_split_16.mid,,,,,,,,,,,0,31,0,30,,wjd_mlu_back_reference_v1,Rucna provera WJD IDEA back-reference kandidata,MLU_REVIEWED,,,,,,,,,,,,,16,15,0.938,lick,#lick,variation,0.384057,0.512348,,2,,,,,
NE,Nature Boy,John Coltrane,229,,MLU:#lick->#lick,354,382,15,369,0.443482,,,0.443482,,,,,"[69, 71, 73, 71, 69, 65, 62, 65, 69, 71, 73, 71, 69, 65, 62]","[69, 71, 68, 70, 72, 69, 72, 69, 71, 73, 71, 69, 66, 62]",C:\Users\nikol\Desktop\jazzdialog\output\mlu_review_midis\melid_229_phrase_mlu_003_split_15.mid,,,,,,,,,,,0,29,354,382,,wjd_mlu_back_reference_v1,Rucna provera WJD IDEA back-reference kandidata,MLU_REVIEWED,,,,,,,,,,,,,15,14,0.933,#lick,#lick,variation,0.443482,0.443482,,3,,,,,
DA,Heebie Jeebies,Johnny Dodds,236,,MLU:#lick->#lick,81,105,13,94,0.419263,,,0.419263,,,,,"[74, 80, 77, 74, 73, 79, 77, 73, 72, 71, 70, 69, 77]","[74, 80, 77, 74, 73, 79, 73, 72, 71, 72, 73, 72]",C:\Users\nikol\Desktop\jazzdialog\output\mlu_review_midis\melid_236_phrase_mlu_004_split_13.mid,,,,,,,,,,,0,25,81,105,,wjd_mlu_back_reference_v1,Rucna provera WJD IDEA back-reference kandidata,MLU_REVIEWED,,,,,,,,,,,,,13,12,0.923,#lick,#lick,variation,0.419263,0.419263,,4,,,,,
NE,Blue Rondo a la Turk,Paul Desmond,349,,MLU:lick->#lick,258,280,12,270,0.448535,,,0.448535,,,,,"[61, 65, 66, 69, 67, 65, 62, 57, 58, 62, 65, 67]","[66, 68, 67, 65, 62, 55, 56, 59, 62, 66, 67]",C:\Users\nikol\Desktop\jazzdialog\output\mlu_review_midis\melid_349_phrase_mlu_005_split_12.mid,,,,,,,,,,,0,23,258,280,,wjd_mlu_back_reference_v1,Rucna provera WJD IDEA back-reference kandidata,MLU_REVIEWED,,,,,,,,,,,,,12,11,0.917,lick,#lick,variation,0.448535,0.890488,,5,,,,,
NE,Scrapple from the Apple,Gerry Mulligan,174,,MLU:~lick->#lick,399,419,11,410,0.432049,,,0.432049,,,,,"[55, 59, 62, 66, 62, 65, 61, 63, 64, 60, 57]","[57, 60, 64, 63, 60, 57, 61, 62, 59, 55]",C:\Users\nikol\Desktop\jazzdialog\output\mlu_review_midis\melid_174_phrase_mlu_006_split_11.mid,,,,,,,,,,,0,21,399,419,,wjd_mlu_back_reference_v1,Rucna provera WJD IDEA back-reference kandidata,MLU_REVIEWED,,,,,,,,,,,,,11,10,0.909,~lick,#lick,variation,0.432049,0.511585,,6,,,,,
NE,George's Dilemma,Clifford Brown,89,,MLU:#-lick->#lick,207,223,9,216,0.3849,,,0.3849,,,,,"[73, 75, 73, 75, 74, 76, 68, 69, 69]","[73, 75, 73, 75, 73, 68, 70, 70]",C:\Users\nikol\Desktop\jazzdialog\output\mlu_review_midis\melid_89_phrase_mlu_007_split_9.mid,,,,,,,,,,,0,17,207,223,,wjd_mlu_back_reference_v1,Rucna provera WJD IDEA back-reference kandidata,MLU_REVIEWED,,,,,,,,,,,,,9,8,0.889,#-lick,#lick,variation,0.3849,0.3849,,7,,,,,
DA,My Favorite Things,John Coltrane,227,,MLU:#lick->#lick,324,357,18,342,0.440347,,,0.440347,,,,,"[66, 67, 69, 70, 73, 74, 76, 79, 83, 85, 84, 83, 85, 86, 85, 83, 80, 78]","[71, 73, 74, 78, 81, 83, 85, 84, 83, 85, 86, 85, 83, 80, 78, 74]",C:\Users\nikol\Desktop\jazzdialog\output\mlu_review_midis\melid_227_phrase_mlu_008_split_18.mid,,,,,,,,,,,0,34,324,357,,wjd_mlu_back_reference_v1,Rucna provera WJD IDEA back-reference kandidata,MLU_REVIEWED,,,,,,,,,,,,,18,16,0.889,#lick,#lick,variation,0.440347,0.587878,,8,,,,,
NE,Stardust,Art Pepper,6,,MLU:#lick->#lick,719,735,9,728,0.447214,,,0.447214,,,,,"[70, 72, 70, 69, 72, 73, 72, 69, 70]","[70, 72, 70, 68, 72, 70, 68, 66]",C:\Users\nikol\Desktop\jazzdialog\output\mlu_review_midis\melid_6_phrase_mlu_009_split_9.mid,,,,,,,,,,,0,17,719,735,,wjd_mlu_back_reference_v1,Rucna provera WJD IDEA back-reference kandidata,MLU_REVIEWED,,,,,,,,,,,,,9,8,0.889,#lick,#lick,variation,0.447214,0.447214,,9,,,,,
NE,There Will Never Be Another You,David Liebman,114,,MLU:line_w->#line_w,299,315,9,308,0.447214,,,0.447214,,,,,"[57, 58, 63, 65, 67, 70, 69, 66, 62]","[56, 58, 61, 65, 68, 67, 64, 60]",C:\Users\nikol\Desktop\jazzdialog\output\mlu_review_midis\melid_114_phrase_mlu_010_split_9.mid,,,,,,,,,,,0,17,299,315,,wjd_mlu_back_reference_v1,Rucna provera WJD IDEA back-reference kandidata,MLU_REVIEWED,,,,,,,,,,,,,9,8,0.889,line_w,#line_w,variation,0.447214,0.31427,,10,,,,,
NE,On a Slow Boat to China,Phil Woods,363,,MLU:#lick->#lick,647,661,8,655,0.430331,,,0.430331,,,,,"[58, 60, 61, 60, 58, 58, 60, 61]","[58, 60, 58, 55, 60, 58, 62]",C:\Users\nikol\Desktop\jazzdialog\output\mlu_review_midis\melid_363_phrase_mlu_011_split_8.mid,,,,,,,,,,,0,15,647,661,,wjd_mlu_back_reference_v1,Rucna provera WJD IDEA back-reference kandidata,MLU_REVIEWED,,,,,,,,,,,,,8,7,0.875,#lick,#lick,variation,0.430331,0.430331,,11,,,,,
DA,Adam's Apple,Wayne Shorter,426,,MLU:#lick->#lick,119,133,7,126,0.41574,,,0.41574,,,,,"[64, 65, 68, 68, 70, 68, 70]","[63, 65, 68, 68, 65, 68, 70, 70]",C:\Users\nikol\Desktop\jazzdialog\output\mlu_review_midis\melid_426_phrase_mlu_012_split_7.mid,,,,,,,,,,,0,15,119,133,,wjd_mlu_back_reference_v1,Rucna provera WJD IDEA back-reference kandidata,MLU_REVIEWED,,,,,,,,,,,,,7,8,1.143,#lick,#lick,variation,0.41574,0.368514,,12,,,,,
NE,Airegin,Sonny Rollins,378,,MLU:line_w_d->#line_w_d,252,281,14,266,0.41775,,,0.41775,,,,,"[68, 69, 68, 67, 65, 63, 62, 61, 58, 60, 61, 58, 55, 56]","[68, 69, 68, 67, 65, 60, 58, 65, 62, 64, 67, 61, 61, 60, 58, 56]",C:\Users\nikol\Desktop\jazzdialog\output\mlu_review_midis\melid_378_phrase_mlu_013_split_14.mid,,,,,,,,,,,0,30,252,281,,wjd_mlu_back_reference_v1,Rucna provera WJD IDEA back-reference kandidata,MLU_REVIEWED,,,,,,,,,,,,,14,16,1.143,line_w_d,#line_w_d,variation,0.41775,0.41775,,13,,,,,
NE,Blues in the Closet,J.J. Johnson,191,,MLU:line_i_dd->#line_i_dd,327,346,11,338,0.416598,,,0.416598,,,,,"[69, 70, 72, 73, 69, 70, 66, 67, 63, 64, 61]","[69, 70, 67, 69, 65, 67, 63, 65, 62]",C:\Users\nikol\Desktop\jazzdialog\output\mlu_review_midis\melid_191_phrase_mlu_014_split_11.mid,,,,,,,,,,,0,20,327,346,,wjd_mlu_back_reference_v1,Rucna provera WJD IDEA back-reference kandidata,MLU_REVIEWED,,,,,,,,,,,,,11,9,0.818,line_i_dd,#line_i_dd,variation,0.416598,0.416598,,14,,,,,
NE,I've Got You Under My Skin,David Liebman,106,,MLU:#-lick->#lick,558,575,10,568,0.447214,,,0.447214,,,,,"[73, 77, 79, 80, 79, 77, 75, 76, 75, 82]","[75, 77, 79, 80, 78, 77, 74, 79]",C:\Users\nikol\Desktop\jazzdialog\output\mlu_review_midis\melid_106_phrase_mlu_015_split_10.mid,,,,,,,,,,,0,18,558,575,,wjd_mlu_back_reference_v1,Rucna provera WJD IDEA back-reference kandidata,MLU_REVIEWED,,,,,,,,,,,,,10,8,0.8,#-lick,#lick,variation,0.447214,0.616575,,15,,,,,
DA,Slipped again,Steve Coleman,409,,MLU:melody->#melody,0,26,12,12,0.392837,,,0.392837,,,,,"[55, 58, 60, 63, 65, 67, 70, 72, 70, 69, 69, 67]","[55, 58, 56, 58, 60, 63, 65, 68, 70, 72, 72, 77, 75, 72, 70]",C:\Users\nikol\Desktop\jazzdialog\output\mlu_review_midis\melid_409_phrase_mlu_016_split_12.mid,,,,,,,,,,,0,27,0,26,,wjd_mlu_back_reference_v1,Rucna provera WJD IDEA back-reference kandidata,MLU_REVIEWED,,,,,,,,,,,,,12,15,1.25,melody,#melody,variation,0.392837,0.392837,,16,,,,,
DA,The Nearness of You,Branford Marsalis,41,,MLU:lick->#lick,322,342,12,334,0.399653,,,0.399653,,,,,"[57, 57, 54, 57, 62, 62, 54, 57, 62, 54, 57, 62]","[55, 59, 62, 55, 59, 62, 55, 59, 62]",C:\Users\nikol\Desktop\jazzdialog\output\mlu_review_midis\melid_41_phrase_mlu_017_split_12.mid,,,,,,,,,,,0,21,322,342,,wjd_mlu_back_reference_v1,Rucna provera WJD IDEA back-reference kandidata,MLU_REVIEWED,,,,,,,,,,,,,12,9,0.75,lick,#lick,variation,0.399653,0.46291,,17,,,,,
NE,Nothing Personal,Michael Brecker,306,,MLU:~line_cv->#line_cv,387,404,8,395,0.399653,,,0.399653,,,,,"[73, 72, 71, 70, 68, 70, 71, 73]","[70, 69, 68, 66, 67, 69, 70, 72, 73, 74]",C:\Users\nikol\Desktop\jazzdialog\output\mlu_review_midis\melid_306_phrase_mlu_018_split_8.mid,,,,,,,,,,,0,18,387,404,,wjd_mlu_back_reference_v1,Rucna provera WJD IDEA back-reference kandidata,MLU_REVIEWED,,,,,,,,,,,,,8,10,1.25,~line_cv,#line_cv,variation,0.399653,0.514259,,18,,,,,
NE,So What,John Coltrane,233,,MLU:lick:glissando->#lick:glissando,25,57,19,44,0.391015,,,0.391015,,,,,"[62, 65, 67, 69, 72, 69, 67, 65, 62, 65, 67, 69, 72, 69, 72, 69, 67, 65, 62]","[62, 65, 67, 69, 72, 74, 72, 74, 69, 72, 69, 67, 65, 62]",C:\Users\nikol\Desktop\jazzdialog\output\mlu_review_midis\melid_233_phrase_mlu_019_split_19.mid,,,,,,,,,,,0,33,25,57,,wjd_mlu_back_reference_v1,Rucna provera WJD IDEA back-reference kandidata,MLU_REVIEWED,,,,,,,,,,,,,19,14,0.737,lick:glissando,#lick:glissando,variation,0.391015,0.391015,,19,,,,,
NE,Society Red,Dexter Gordon,124,,MLU:#lick_blues->#lick_blues,235,268,15,250,0.448764,,,0.448764,,,,,"[67, 68, 65, 70, 71, 70, 68, 65, 59, 65, 68, 60, 62, 65, 68]","[68, 65, 69, 71, 70, 68, 65, 71, 70, 68, 65, 68, 70, 65, 68, 70, 65, 68, 65]",C:\Users\nikol\Desktop\jazzdialog\output\mlu_review_midis\melid_124_phrase_mlu_020_split_15.mid,,,,,,,,,,,0,34,235,268,,wjd_mlu_back_reference_v1,Rucna provera WJD IDEA back-reference kandidata,MLU_REVIEWED,,,,,,,,,,,,,15,19,1.267,#lick_blues,#lick_blues,variation,0.448764,0.424918,,20,,,,,
NE,Arjuna,Chris Potter,79,,MLU:#lick->#lick,22,42,11,33,0.466667,,,0.466667,,,,,"[68, 66, 67, 67, 67, 67, 68, 67, 67, 67, 67]","[68, 66, 67, 66, 65, 62, 67, 66, 65, 62]",C:\Users\nikol\Desktop\jazzdialog\output\mlu_review_midis\melid_79_phrase_mlu_001_split_11.mid,,,,,,,,,,,0,21,22,42,,wjd_mlu_back_reference_v1,Rucna provera WJD IDEA back-reference kandidata,MLU_REVIEWED,,,,,,,,,,,,,11,10,0.909,#lick,#lick,variation,0.466667,0.466667,,1,,,,,
DA,Dinah,Lionel Hampton,286,,MLU:lick->#lick,167,184,7,174,0.396264,,,0.396264,,,,,"[68, 68, 71, 68, 65, 63, 68]","[68, 68, 71, 68, 65, 64, 63, 68, 71, 68, 71]",C:\Users\nikol\Desktop\jazzdialog\output\mlu_review_midis\melid_286_phrase_mlu_002_split_7.mid,,,,,,,,,,,0,18,167,184,,wjd_mlu_back_reference_v1,Rucna provera WJD IDEA back-reference kandidata,MLU_REVIEWED,,,,,,,,,,,,,7,11,1.571,lick,#lick,variation,0.396264,0.396264,,2,,,,,
NE,Along Came Betty,Pat Martino,341,,MLU:lick->#lick,455,480,13,468,0.52915,,,0.52915,,,,,"[60, 66, 64, 64, 61, 59, 59, 57, 59, 59, 57, 59, 59]","[66, 64, 61, 60, 60, 57, 59, 59, 57, 59, 59, 56, 55]",C:\Users\nikol\Desktop\jazzdialog\output\mlu_review_midis\melid_341_phrase_mlu_003_split_13.mid,,,,,,,,,,,0,26,455,480,,wjd_mlu_back_reference_v1,Rucna provera WJD IDEA back-reference kandidata,MLU_REVIEWED,,,,,,,,,,,,,13,13,1.0,lick,#lick,variation,0.52915,0.967733,,3,,,,,
DA,This Can't Be Love,Gerry Mulligan,176,,MLU:melody->#lick,141,156,8,149,0.489898,,,0.489898,,,,,"[60, 61, 60, 63, 60, 61, 60, 56]","[63, 63, 61, 59, 60, 56, 58, 56]",C:\Users\nikol\Desktop\jazzdialog\output\mlu_review_midis\melid_176_phrase_mlu_004_split_8.mid,,,,,,,,,,,0,16,141,156,,wjd_mlu_back_reference_v1,Rucna provera WJD IDEA back-reference kandidata,MLU_REVIEWED,,,,,,,,,,,,,8,8,1.0,melody,#lick,variation,0.489898,0.493007,,4,,,,,
NE,Blue Train,Lee Morgan,274,,MLU:lick_blues->#line_t_asdl,513,540,11,524,0.600453,,,0.600453,,,,,"[74, 75, 75, 75, 75, 78, 75, 75, 73, 75, 75]","[75, 78, 80, 81, 80, 78, 75, 73, 72, 73, 77, 76, 69, 70, 70, 69, 68]",C:\Users\nikol\Desktop\jazzdialog\output\mlu_review_midis\melid_274_phrase_mlu_005_split_11.mid,,,,,,,,,,,0,28,513,540,,wjd_mlu_back_reference_v1,Rucna provera WJD IDEA back-reference kandidata,MLU_REVIEWED,,,,,,,,,,,,,11,17,1.545,lick_blues,#line_t_asdl,variation,0.600453,0.647628,,5,,,,,
DA,Society Red,Freddie Hubbard,169,,MLU:lick->#lick,26,49,10,36,0.428571,,,0.428571,,,,,"[74, 77, 79, 77, 79, 77, 79, 77, 80, 77]","[74, 77, 77, 77, 79, 77, 79, 77, 80, 77, 79, 77, 74, 72]",C:\Users\nikol\Desktop\jazzdialog\output\mlu_review_midis\melid_169_phrase_mlu_006_split_10.mid,,,,,,,,,,,0,24,26,49,,wjd_mlu_back_reference_v1,Rucna provera WJD IDEA back-reference kandidata,MLU_REVIEWED,,,,,,,,,,,,,10,14,1.4,lick,#lick,variation,0.428571,0.428571,,6,,,,,
DA,Body and Soul,John Coltrane,220,,MLU:#lick->#lick,223,240,8,231,0.618017,,,0.618017,,,,,"[69, 69, 67, 65, 67, 69, 69, 69]","[68, 69, 69, 68, 69, 70, 70, 73, 72, 73]",C:\Users\nikol\Desktop\jazzdialog\output\mlu_review_midis\melid_220_phrase_mlu_007_split_8.mid,,,,,,,,,,,0,18,223,240,,wjd_mlu_back_reference_v1,Rucna provera WJD IDEA back-reference kandidata,MLU_REVIEWED,,,,,,,,,,,,,8,10,1.25,#lick,#lick,variation,0.618017,0.83749,,7,,,,,
NE,Three Little Words,Branford Marsalis,42,,MLU:lick->#lick,702,725,9,711,0.396746,,,0.396746,,,,,"[64, 64, 63, 64, 67, 64, 65, 62, 63]","[63, 63, 62, 63, 65, 62, 62, 65, 61, 63, 61, 59, 60, 67, 65]",C:\Users\nikol\Desktop\jazzdialog\output\mlu_review_midis\melid_42_phrase_mlu_008_split_9.mid,,,,,,,,,,,0,24,702,725,,wjd_mlu_back_reference_v1,Rucna provera WJD IDEA back-reference kandidata,MLU_REVIEWED,,,,,,,,,,,,,9,15,1.667,lick,#lick,variation,0.396746,0.457044,,8,,,,,
NE,The Everywhere Calypso,Sonny Rollins,389,,MLU:~lick->#lick,412,427,7,419,0.399653,,,0.399653,,,,,"[64, 63, 65, 62, 62, 62, 64]","[64, 65, 67, 66, 65, 65, 64, 62, 60]",C:\Users\nikol\Desktop\jazzdialog\output\mlu_review_midis\melid_389_phrase_mlu_010_split_7.mid,,,,,,,,,,,0,16,412,427,,wjd_mlu_back_reference_v1,Rucna provera WJD IDEA back-reference kandidata,MLU_REVIEWED,,,,,,,,,,,,,7,9,1.286,~lick,#lick,variation,0.399653,0.399653,,10,,,,,
NE,You'd Be So Nice to Come Home to,Pepper Adams,358,,MLU:lick->#lick,0,19,9,9,0.492548,,,0.492548,,,,,"[64, 57, 60, 64, 62, 64, 62, 60, 65]","[59, 62, 65, 64, 59, 62, 64, 62, 59, 60, 64]",C:\Users\nikol\Desktop\jazzdialog\output\mlu_review_midis\melid_358_phrase_mlu_011_split_9.mid,,,,,,,,,,,0,20,0,19,,wjd_mlu_back_reference_v1,Rucna provera WJD IDEA back-reference kandidata,MLU_REVIEWED,,,,,,,,,,,,,9,11,1.222,lick,#lick,variation,0.492548,0.737028,,11,,,,,
NE,Good Kick,Sonny Stitt,395,,MLU:lick->#lick,0,16,10,10,0.435985,,,0.435985,,,,,"[72, 76, 77, 76, 77, 73, 70, 67, 68, 65]","[76, 77, 73, 71, 68, 65, 67]",C:\Users\nikol\Desktop\jazzdialog\output\mlu_review_midis\melid_395_phrase_mlu_013_split_10.mid,,,,,,,,,,,0,17,0,16,,wjd_mlu_back_reference_v1,Rucna provera WJD IDEA back-reference kandidata,MLU_REVIEWED,,,,,,,,,,,,,10,7,0.7,lick,#lick,variation,0.435985,0.712,,13,,,,,
NE,In 'n Out,Joe Henderson,198,,MLU:~#line_w->#line_w,701,727,10,711,0.476599,,,0.476599,,,,,"[64, 65, 63, 65, 68, 69, 65, 60, 63, 65]","[67, 68, 65, 60, 63, 65, 67, 68, 65, 61, 63, 65, 68, 69, 69, 66, 61]",C:\Users\nikol\Desktop\jazzdialog\output\mlu_review_midis\melid_198_phrase_mlu_014_split_10.mid,,,,,,,,,,,0,27,701,727,,wjd_mlu_back_reference_v1,Rucna provera WJD IDEA back-reference kandidata,MLU_REVIEWED,,,,,,,,,,,,,10,17,1.7,~#line_w,#line_w,variation,0.476599,0.616037,,14,,,,,
DA,Once in a While,Louis Armstrong,297,,MLU:lick->#lick,139,158,10,149,0.493007,,,0.493007,,,,,"[72, 76, 73, 72, 72, 69, 69, 71, 72, 67]","[68, 76, 73, 71, 73, 71, 72, 72, 67, 64]",C:\Users\nikol\Desktop\jazzdialog\output\mlu_review_midis\melid_297_phrase_mlu_015_split_10.mid,,,,,,,,,,,0,20,139,158,,wjd_mlu_back_reference_v1,Rucna provera WJD IDEA back-reference kandidata,MLU_REVIEWED,,,,,,,,,,,,,10,10,1.0,lick,#lick,variation,0.493007,0.375,,15,,,,,
NE,Just One of Those Things,Pepper Adams,357,,MLU:line_w_a->#line_t_alds,701,717,10,711,0.387298,,,0.387298,,,,,"[50, 47, 48, 50, 51, 53, 55, 57, 62, 60]","[49, 50, 53, 55, 57, 60, 58]",C:\Users\nikol\Desktop\jazzdialog\output\mlu_review_midis\melid_357_phrase_mlu_016_split_10.mid,,,,,,,,,,,0,17,701,717,,wjd_mlu_back_reference_v1,Rucna provera WJD IDEA back-reference kandidata,MLU_REVIEWED,,,,,,,,,,,,,10,7,0.7,line_w_a,#line_t_alds,variation,0.387298,0.424264,,16,,,,,
NE,Nature Boy,John Coltrane,229,,MLU:#lick->#lick,117,138,9,126,0.414243,,,0.414243,,,,,"[69, 71, 64, 67, 69, 71, 74, 74, 71]","[69, 71, 64, 67, 67, 69, 71, 74, 79, 74, 71, 69, 71]",C:\Users\nikol\Desktop\jazzdialog\output\mlu_review_midis\melid_229_phrase_mlu_017_split_9.mid,,,,,,,,,,,0,22,117,138,,wjd_mlu_back_reference_v1,Rucna provera WJD IDEA back-reference kandidata,MLU_REVIEWED,,,,,,,,,,,,,9,13,1.444,#lick,#lick,variation,0.414243,0.414243,,17,,,,,
NE,No Greater Love,David Liebman,109,,MLU:lick->#lick,0,15,7,7,0.41574,,,0.41574,,,,,"[56, 61, 61, 66, 66, 64, 56]","[55, 56, 59, 61, 64, 66, 64, 63, 58]",C:\Users\nikol\Desktop\jazzdialog\output\mlu_review_midis\melid_109_phrase_mlu_018_split_7.mid,,,,,,,,,,,0,16,0,15,,wjd_mlu_back_reference_v1,Rucna provera WJD IDEA back-reference kandidata,MLU_REVIEWED,,,,,,,,,,,,,7,9,1.286,lick,#lick,variation,0.41574,0.430331,,18,,,,,
NE,Crazy Rhythm,Stan Getz,399,,MLU:lick->#lick,326,346,10,336,0.46188,,,0.46188,,,,,"[65, 68, 70, 71, 70, 68, 65, 60, 63, 65]","[68, 69, 65, 60, 65, 66, 67, 64, 60, 64, 65]",C:\Users\nikol\Desktop\jazzdialog\output\mlu_review_midis\melid_399_phrase_mlu_019_split_10.mid,,,,,,,,,,,0,21,326,346,,wjd_mlu_back_reference_v1,Rucna provera WJD IDEA back-reference kandidata,MLU_REVIEWED,,,,,,,,,,,,,10,11,1.1,lick,#lick,variation,0.46188,0.668107,,19,,,,,
NE,Destination K.C.,Dickie Wells,128,,MLU:#lick->#lick,16,39,10,26,0.419263,,,0.419263,,,,,"[59, 60, 61, 64, 67, 67, 64, 60, 58, 60]","[61, 63, 64, 69, 67, 64, 60, 58, 61, 63, 64, 63, 60, 60]",C:\Users\nikol\Desktop\jazzdialog\output\mlu_review_midis\melid_128_phrase_mlu_020_split_10.mid,,,,,,,,,,,0,24,16,39,,wjd_mlu_back_reference_v1,Rucna provera WJD IDEA back-reference kandidata,MLU_REVIEWED,,,,,,,,,,,,,10,14,1.4,#lick,#lick,variation,0.419263,0.336573,,20,,,,,
DA,Society Red,Dexter Gordon,124,,MLU:#lick_blues->#lick_blues,276,297,11,287,0.637377,,,0.637377,,,,,"[68, 65, 70, 68, 68, 68, 67, 68, 65, 63, 65]","[68, 65, 67, 70, 76, 77, 69, 70, 68, 65, 68]",C:\Users\nikol\Desktop\jazzdialog\output\automatic_high_confidence_midis\melid_124_phrase_mlu_001_n276_s287_e298_split_11.mid,,,,,,,,,,,0,22,276,297,,wjd_mlu_back_reference_v1,Rucna provera WJD IDEA back-reference kandidata,MLU_REVIEWED,,,,,,,,,,,,,11,11,1.0,#lick_blues,#lick_blues,variation,0.637377,0.637377,,1,3.001859,3.1922,0.940373,3.664395,0.181818
DA,Blues by Five,Miles Davis,313,,MLU:melody->#melody,21,34,7,28,0.83887,,,0.83887,,,,,"[73, 74, 73, 74, 75, 72, 65]","[72, 72, 73, 74, 70, 65, 58]",C:\Users\nikol\Desktop\jazzdialog\output\automatic_high_confidence_midis\melid_313_phrase_mlu_002_n21_s28_e35_split_7.mid,,,,,,,,,,,0,14,21,34,,wjd_mlu_back_reference_v1,Rucna provera WJD IDEA back-reference kandidata,MLU_REVIEWED,,,,,,,,,,,,,7,7,1.0,melody,#melody,variation,0.83887,0.780625,,2,1.901587,1.986553,0.957229,3.681135,0.285714
DA,Blues on Sunday,Joshua Redman,243,,MLU:#lick->#lick,29,54,13,42,1.06617,,,1.06617,,,,,"[51, 54, 56, 58, 60, 61, 58, 51, 55, 56, 51, 54, 51]","[65, 61, 63, 61, 58, 51, 49, 56, 57, 51, 53, 54, 51]",C:\Users\nikol\Desktop\jazzdialog\output\automatic_high_confidence_midis\melid_243_phrase_mlu_003_n29_s42_e55_split_13.mid,,,,,,,,,,,0,26,29,54,,wjd_mlu_back_reference_v1,Rucna provera WJD IDEA back-reference kandidata,MLU_REVIEWED,,,,,,,,,,,,,13,13,1.0,#lick,#lick,variation,1.06617,1.718971,,3,2.681905,2.61805,0.97619,4.965528,0.230769
DA,Crazy Rhythm,J.J. Johnson,192,,MLU:lick->#lick,104,121,9,113,1.266217,,,1.266217,,,,,"[65, 64, 65, 60, 65, 65, 60, 69, 69]","[69, 69, 62, 69, 69, 62, 65, 65, 60]",C:\Users\nikol\Desktop\jazzdialog\output\automatic_high_confidence_midis\melid_192_phrase_mlu_004_n104_s113_e122_split_9.mid,,,,,,,,,,,0,18,104,121,,wjd_mlu_back_reference_v1,Rucna provera WJD IDEA back-reference kandidata,MLU_REVIEWED,,,,,,,,,,,,,9,9,1.0,lick,#lick,variation,1.266217,1.558846,,4,1.928571,2.006122,0.961343,4.666667,0.333333
NE,Nothing Personal,Pat Metheny,345,,MLU:lick->#lick,19,32,7,26,1.586072,,,1.586072,,,,,"[55, 55, 53, 55, 52, 48, 45]","[45, 48, 52, 52, 53, 50, 46]",C:\Users\nikol\Desktop\jazzdialog\output\automatic_high_confidence_midis\melid_345_phrase_mlu_005_n19_s26_e33_split_7.mid,,,,,,,,,,,0,14,19,32,,wjd_mlu_back_reference_v1,Rucna provera WJD IDEA back-reference kandidata,MLU_REVIEWED,,,,,,,,,,,,,7,7,1.0,lick,#lick,variation,1.586072,1.820453,,5,1.529615,1.516644,0.99152,4.615454,0.142857
NE,George's Dilemma,Clifford Brown,89,,MLU:lick->#lick,383,405,11,394,0.576222,,,0.576222,,,,,"[66, 69, 72, 76, 71, 69, 67, 69, 67, 67, 68]","[65, 66, 69, 73, 77, 78, 80, 78, 76, 73, 68, 61]",C:\Users\nikol\Desktop\jazzdialog\output\automatic_high_confidence_midis\melid_89_phrase_mlu_006_n383_s394_e406_split_11.mid,,,,,,,,,,,0,23,383,405,,wjd_mlu_back_reference_v1,Rucna provera WJD IDEA back-reference kandidata,MLU_REVIEWED,,,,,,,,,,,,,11,12,1.091,lick,#lick,variation,0.576222,0.616946,,6,2.410522,2.665488,0.904345,4.563328,0.181818
DA,Togo,Chris Potter,84,,MLU:#51lick->#lick,887,907,10,897,2.646869,,,2.646869,,,,,"[81, 79, 58, 62, 67, 62, 72, 70, 67, 62]","[55, 58, 60, 62, 62, 67, 72, 67, 72, 70, 67]",C:\Users\nikol\Desktop\jazzdialog\output\automatic_high_confidence_midis\melid_84_phrase_mlu_007_n887_s897_e908_split_10.mid,,,,,,,,,,,0,21,887,907,,wjd_mlu_back_reference_v1,Rucna provera WJD IDEA back-reference kandidata,MLU_REVIEWED,,,,,,,,,,,,,10,11,1.1,#51lick,#lick,variation,2.646869,5.720978,,7,2.518367,2.412245,0.957861,4.560068,0.3
NE,Cross-Fade,Steve Coleman,403,,MLU:#melody->#melody,10,28,9,19,0.547723,,,0.547723,,,,,"[73, 71, 72, 71, 69, 66, 64, 69, 69]","[69, 71, 72, 71, 68, 69, 67, 66, 67, 67]",C:\Users\nikol\Desktop\jazzdialog\output\automatic_high_confidence_midis\melid_403_phrase_mlu_008_n10_s19_e29_split_9.mid,,,,,,,,,,,0,19,10,28,,wjd_mlu_back_reference_v1,Rucna provera WJD IDEA back-reference kandidata,MLU_REVIEWED,,,,,,,,,,,,,9,10,1.111,#melody,#melody,variation,0.547723,0.745356,,8,2.955102,2.963265,0.997245,3.374656,0.333333
NE,Ramblin',Ornette Coleman,340,,MLU:quote:?->#lick,129,145,9,138,1.255543,,,1.255543,,,,,"[69, 69, 70, 69, 69, 74, 71, 67, 69]","[62, 66, 66, 67, 69, 66, 62, 59]",C:\Users\nikol\Desktop\jazzdialog\output\automatic_high_confidence_midis\melid_340_phrase_mlu_009_n129_s138_e146_split_9.mid,,,,,,,,,,,0,17,129,145,,wjd_mlu_back_reference_v1,Rucna provera WJD IDEA back-reference kandidata,MLU_REVIEWED,,,,,,,,,,,,,9,8,0.889,quote:?,#lick,variation,1.255543,0.360801,,9,1.991837,1.973469,0.990779,4.518443,0.25
DA,Who's it,Kid Ory,265,,MLU:theme:t1-4->#melody,39,55,8,47,0.748331,,,0.748331,,,,,"[52, 53, 54, 55, 65, 64, 56, 57]","[53, 54, 55, 56, 60, 64, 62, 60, 60]",C:\Users\nikol\Desktop\jazzdialog\output\automatic_high_confidence_midis\melid_265_phrase_mlu_010_n39_s47_e56_split_8.mid,,,,,,,,,,,0,17,39,55,,wjd_mlu_back_reference_v1,Rucna provera WJD IDEA back-reference kandidata,MLU_REVIEWED,,,,,,,,,,,,,8,9,1.125,theme:t1-4,#melody,variation,0.748331,0.720082,,10,3.639773,3.308571,0.909005,2.720207,0.375
NE,Insensatez,Stan Getz,401,,MLU:#melody->#melody,11,25,8,19,1.212436,,,1.212436,,,,,"[52, 56, 59, 64, 55, 58, 64, 64]","[52, 55, 58, 64, 64, 64, 54]",C:\Users\nikol\Desktop\jazzdialog\output\automatic_high_confidence_midis\melid_401_phrase_mlu_011_n11_s19_e26_split_8.mid,,,,,,,,,,,0,15,11,25,,wjd_mlu_back_reference_v1,Rucna provera WJD IDEA back-reference kandidata,MLU_REVIEWED,,,,,,,,,,,,,8,7,0.875,#melody,#melody,variation,1.212436,1.212436,,11,2.341497,2.54839,0.918814,3.416618,0.571429
DA,Adam's Apple,Wayne Shorter,426,,MLU:#lick->#lick,126,142,8,134,1.613982,,,1.613982,,,,,"[63, 65, 68, 68, 65, 68, 70, 70]","[63, 65, 68, 68, 68, 64, 63, 62, 59]",C:\Users\nikol\Desktop\jazzdialog\output\automatic_high_confidence_midis\melid_426_phrase_mlu_012_n126_s134_e143_split_8.mid,,,,,,,,,,,0,17,126,142,,wjd_mlu_back_reference_v1,Rucna provera WJD IDEA back-reference kandidata,MLU_REVIEWED,,,,,,,,,,,,,8,9,1.125,#lick,#lick,variation,1.613982,1.613982,,12,1.919184,1.8622,0.970308,4.832994,0.5
DA,This Here,Cannonball Adderley,50,,MLU:#lick->#lick,512,526,7,519,0.637377,,,0.637377,,,,,"[60, 59, 62, 60, 65, 65, 69]","[60, 58, 62, 60, 65, 69, 65, 66]",C:\Users\nikol\Desktop\jazzdialog\output\automatic_high_confidence_midis\melid_50_phrase_mlu_013_n512_s519_e527_split_7.mid,,,,,,,,,,,0,15,512,526,,wjd_mlu_back_reference_v1,Rucna provera WJD IDEA back-reference kandidata,MLU_REVIEWED,,,,,,,,,,,,,7,8,1.143,#lick,#lick,variation,0.637377,0.637377,,13,1.573197,1.729524,0.909613,4.625551,0.428571
DA,Cognac Blues,Don Byas,141,,MLU:lick->#lick,0,14,7,7,0.875,,,0.875,,,,,"[53, 56, 58, 55, 58, 57, 53]","[53, 56, 58, 57, 58, 57, 60, 59]",C:\Users\nikol\Desktop\jazzdialog\output\automatic_high_confidence_midis\melid_141_phrase_mlu_014_n0_s7_e15_split_7.mid,,,,,,,,,,,0,15,0,14,,wjd_mlu_back_reference_v1,Rucna provera WJD IDEA back-reference kandidata,MLU_REVIEWED,,,,,,,,,,,,,7,8,1.143,lick,#lick,variation,0.875,0.875,,14,1.689252,1.753107,0.963576,4.563328,0.428571
DA,Basin Street Blues,Louis Armstrong,291,,MLU:lick->#lick,70,89,11,81,1.691817,,,1.691817,,,,,"[65, 64, 67, 65, 70, 74, 77, 81, 81, 81, 74]","[81, 74, 81, 74, 82, 74, 81, 81, 74]",C:\Users\nikol\Desktop\jazzdialog\output\automatic_high_confidence_midis\melid_291_phrase_mlu_015_n70_s81_e90_split_11.mid,,,,,,,,,,,0,20,70,89,,wjd_mlu_back_reference_v1,Rucna provera WJD IDEA back-reference kandidata,MLU_REVIEWED,,,,,,,,,,,,,11,9,0.818,lick,#lick,variation,1.691817,2.486407,,15,2.246531,2.29619,0.978373,4.896439,0.333333
NE,Got No Blues,Louis Armstrong,294,,MLU:lick->#lick,54,71,10,64,1.259285,,,1.259285,,,,,"[72, 71, 72, 73, 74, 75, 76, 77, 77, 77]","[81, 79, 77, 74, 69, 72, 72, 72]",C:\Users\nikol\Desktop\jazzdialog\output\automatic_high_confidence_midis\melid_294_phrase_mlu_016_n54_s64_e72_split_10.mid,,,,,,,,,,,0,18,54,71,,wjd_mlu_back_reference_v1,Rucna provera WJD IDEA back-reference kandidata,MLU_REVIEWED,,,,,,,,,,,,,10,8,0.8,lick,#lick,variation,1.259285,3.146427,,16,2.60644,2.644898,0.98546,3.836651,0.125
NE,Work Song,Nat Adderley,335,,MLU:lick->#lick,138,155,8,146,0.571429,,,0.571429,,,,,"[77, 76, 75, 74, 72, 74, 75, 77]","[72, 74, 75, 77, 80, 79, 77, 75, 75, 74]",C:\Users\nikol\Desktop\jazzdialog\output\automatic_high_confidence_midis\melid_335_phrase_mlu_017_n138_s146_e156_split_8.mid,,,,,,,,,,,0,18,138,155,,wjd_mlu_back_reference_v1,Rucna provera WJD IDEA back-reference kandidata,MLU_REVIEWED,,,,,,,,,,,,,8,10,1.25,lick,#lick,variation,0.571429,0.988212,,17,2.275011,2.522449,0.901906,3.964401,0.5
NE,Sweet and Lovely,Don Ellis,150,,MLU:#line_t_alds->#melody,9,27,11,20,0.923077,,,0.923077,,,,,"[59, 60, 62, 64, 67, 70, 72, 73, 75, 76, 68]","[65, 68, 69, 72, 74, 63, 62, 70]",C:\Users\nikol\Desktop\jazzdialog\output\automatic_high_confidence_midis\melid_150_phrase_mlu_018_n9_s20_e28_split_11.mid,,,,,,,,,,,0,19,9,27,,wjd_mlu_back_reference_v1,Rucna provera WJD IDEA back-reference kandidata,MLU_REVIEWED,,,,,,,,,,,,,11,8,0.727,#line_t_alds,#melody,variation,0.923077,1.617215,,18,2.75737,2.576417,0.934375,3.989309,0.125
NE,The Girl from East 9th Street,Paul Desmond,353,,MLU:lick->#lick,113,131,11,124,1.053269,,,1.053269,,,,,"[68, 67, 68, 67, 65, 63, 61, 63, 63, 70, 75]","[63, 70, 70, 75, 75, 70, 70, 63]",C:\Users\nikol\Desktop\jazzdialog\output\automatic_high_confidence_midis\melid_353_phrase_mlu_019_n113_s124_e132_split_11.mid,,,,,,,,,,,0,19,113,131,,wjd_mlu_back_reference_v1,Rucna provera WJD IDEA back-reference kandidata,MLU_REVIEWED,,,,,,,,,,,,,11,8,0.727,lick,#lick,variation,1.053269,0.907485,,19,2.530612,2.518367,0.995161,4.346774,0.25
NE,In a Sentimental Mood,Chris Potter,80,,MLU:lick->#lick,59,85,16,75,0.995836,,,0.995836,,,,,"[57, 61, 64, 68, 69, 68, 69, 67, 66, 67, 65, 64, 65, 67, 66, 67]","[65, 64, 63, 64, 65, 64, 65, 64, 60, 57, 57]",C:\Users\nikol\Desktop\jazzdialog\output\automatic_high_confidence_midis\melid_80_phrase_mlu_020_n59_s75_e86_split_16.mid,,,,,,,,,,,0,27,59,85,,wjd_mlu_back_reference_v1,Rucna provera WJD IDEA back-reference kandidata,MLU_REVIEWED,,,,,,,,,,,,,16,11,0.688,lick,#lick,variation,0.995836,2.083843,,20,3.371247,3.304512,0.980205,4.746018,0.272727
NE,Society Red,Freddie Hubbard,169,,MLU:#17lick->#lick,212,239,12,224,0.569298,,,0.569298,,,,,"[80, 79, 77, 75, 74, 72, 68, 67, 65, 63, 62, 60]","[72, 74, 72, 67, 68, 67, 65, 60, 62, 64, 63, 60, 62, 63, 62, 61]",C:\Users\nikol\Desktop\jazzdialog\output\automatic_high_confidence_midis\melid_169_phrase_mlu_021_n212_s224_e240_split_12.mid,,,,,,,,,,,0,28,212,239,,wjd_mlu_back_reference_v1,Rucna provera WJD IDEA back-reference kandidata,MLU_REVIEWED,,,,,,,,,,,,,12,16,1.333,#17lick,#lick,variation,0.569298,0.766485,,21,3.889342,3.845805,0.988806,4.160377,0.25
NE,Dinah,Lionel Hampton,286,,MLU:#lick->#lick,174,191,11,185,0.642824,,,0.642824,,,,,"[68, 68, 71, 68, 65, 64, 63, 68, 71, 68, 71]","[68, 68, 71, 68, 71, 68, 71]",C:\Users\nikol\Desktop\jazzdialog\output\automatic_high_confidence_midis\melid_286_phrase_mlu_022_n174_s185_e192_split_11.mid,,,,,,,,,,,0,18,174,191,,wjd_mlu_back_reference_v1,Rucna provera WJD IDEA back-reference kandidata,MLU_REVIEWED,,,,,,,,,,,,,11,7,0.636,#lick,#lick,variation,0.642824,0.642824,,22,3.344898,3.319819,0.992502,3.288591,0.571429
NE,Walkin',J.J. Johnson,196,,MLU:lick->#lick,377,394,11,388,1.732051,,,1.732051,,,,,"[65, 68, 70, 71, 71, 70, 70, 68, 68, 65, 65]","[63, 60, 58, 55, 58, 58, 58]",C:\Users\nikol\Desktop\jazzdialog\output\automatic_high_confidence_midis\melid_196_phrase_mlu_023_n377_s388_e395_split_11.mid,,,,,,,,,,,0,18,377,394,,wjd_mlu_back_reference_v1,Rucna provera WJD IDEA back-reference kandidata,MLU_REVIEWED,,,,,,,,,,,,,11,7,0.636,lick,#lick,variation,1.732051,1.241862,,23,2.56,2.731247,0.937301,4.296875,0.0
NE,I Love You,Don Ellis,147,,MLU:#lick->#melody,14,32,12,26,1.111168,,,1.111168,,,,,"[72, 69, 65, 61, 75, 72, 79, 76, 71, 69, 67, 64]","[78, 75, 71, 73, 68, 64, 63]",C:\Users\nikol\Desktop\jazzdialog\output\automatic_high_confidence_midis\melid_147_phrase_mlu_024_n14_s26_e33_split_12.mid,,,,,,,,,,,0,19,14,32,,wjd_mlu_back_reference_v1,Rucna provera WJD IDEA back-reference kandidata,MLU_REVIEWED,,,,,,,,,,,,,12,7,0.583,#lick,#melody,variation,1.111168,1.241862,,24,4.913923,5.256735,0.934786,2.442041,0.142857
NE,Eighty-One,Wayne Shorter,430,,MLU:lick->#lick,311,332,9,320,0.54569,,,0.54569,,,,,"[69, 72, 74, 77, 70, 74, 70, 67, 66]","[69, 67, 65, 67, 69, 71, 77, 72, 74, 77, 70, 72, 70]",C:\Users\nikol\Desktop\jazzdialog\output\automatic_high_confidence_midis\melid_430_phrase_mlu_025_n311_s320_e333_split_9.mid,,,,,,,,,,,0,22,311,332,,wjd_mlu_back_reference_v1,Rucna provera WJD IDEA back-reference kandidata,MLU_REVIEWED,,,,,,,,,,,,,9,13,1.444,lick,#lick,variation,0.54569,0.54569,,25,2.877551,2.742857,0.953191,4.739583,0.444444
DA,Eighty-One,Miles Davis,316,,MLU:melody->#melody,241,267,11,252,0.499134,,,0.499134,,,,,"[77, 79, 77, 75, 72, 70, 69, 70, 68, 65, 67]","[77, 79, 77, 75, 72, 65, 68, 70, 69, 70, 70, 70, 68, 71, 70, 71]",C:\Users\nikol\Desktop\jazzdialog\output\automatic_high_confidence_midis\melid_316_phrase_mlu_026_n241_s252_e268_split_11.mid,,,,,,,,,,,0,27,241,267,,wjd_mlu_back_reference_v1,Rucna provera WJD IDEA back-reference kandidata,MLU_REVIEWED,,,,,,,,,,,,,11,16,1.455,melody,#melody,variation,0.499134,0.499134,,26,3.546939,3.85941,0.919036,4.145711,0.454545
NE,Stardust,Art Pepper,5,,MLU:lick->#lick,94,109,8,102,1.030776,,,1.030776,,,,,"[62, 66, 67, 62, 58, 61, 67, 61]","[58, 58, 59, 60, 65, 59, 57, 58]",C:\Users\nikol\Desktop\jazzdialog\output\mlu_review_midis\melid_5_phrase_mlu_048_n94_s102_e110_split_8.mid,,,,,,,,,,,0,16,94,109,,wjd_mlu_back_reference_v1,Rucna provera WJD IDEA back-reference kandidata,MLU_REVIEWED,,,,,,,,,,,,,8,8,1.0,lick,#lick,variation,1.030776,0.67082,,48,2.938776,4.181633,0.702782,2.722222,
NE,I Got It Bad,Benny Carter,7,,MLU:lick->#lick,453,482,11,464,0.563471,,,0.563471,,,,,"[53, 54, 58, 61, 64, 65, 61, 58, 61, 64, 65]","[55, 59, 63, 64, 65, 61, 57, 55, 56, 66, 68, 66, 58, 64, 65, 64, 63, 62, 61]",C:\Users\nikol\Desktop\jazzdialog\output\mlu_review_midis\melid_7_phrase_mlu_094_n453_s464_e483_split_11.mid,,,,,,,,,,,0,30,453,482,,wjd_mlu_back_reference_v1,Rucna provera WJD IDEA back-reference kandidata,MLU_REVIEWED,,,,,,,,,,,,,11,19,1.727,lick,#lick,variation,0.563471,0.645936,,94,2.804082,3.752834,0.74719,5.06284,
NE,It's a Wonderful World,Benny Carter,9,,MLU:lick->#lick,52,71,13,65,0.585829,,,0.585829,,,,,"[69, 71, 74, 71, 67, 69, 64, 67, 69, 72, 67, 69, 63]","[67, 69, 67, 71, 72, 69, 63]",C:\Users\nikol\Desktop\jazzdialog\output\mlu_review_midis\melid_9_phrase_mlu_111_n52_s65_e72_split_13.mid,,,,,,,,,,,0,20,52,71,,wjd_mlu_back_reference_v1,Rucna provera WJD IDEA back-reference kandidata,MLU_REVIEWED,,,,,,,,,,,,,13,7,0.538,lick,#lick,variation,0.585829,0.601868,,111,2.697052,1.192925,0.442307,5.867929,
NE,Long Ago and Far Away,Benny Carter,11,,MLU:lick->#lick,154,167,7,161,0.714286,,,0.714286,,,,,"[61, 62, 65, 62, 61, 62, 67]","[61, 62, 69, 62, 61, 62, 70]",C:\Users\nikol\Desktop\jazzdialog\output\mlu_review_midis\melid_11_phrase_mlu_006_n154_s161_e168_split_7.mid,,,,,,,,,,,0,14,154,167,,wjd_mlu_back_reference_v1,Rucna provera WJD IDEA back-reference kandidata,MLU_REVIEWED,,,,,,,,,,,,,7,7,1.0,lick,#lick,variation,0.714286,0.714286,,6,1.091338,1.10805,0.984918,6.414146,
DA,Bye Bye Blackbird,Ben Webster,21,,MLU:lick->#lick,185,199,8,193,1.204159,,,1.204159,,,,,"[63, 64, 65, 69, 69, 65, 57, 57]","[58, 60, 64, 64, 60, 52, 52]",C:\Users\nikol\Desktop\jazzdialog\output\mlu_review_midis\melid_21_phrase_mlu_082_n185_s193_e200_split_8.mid,,,,,,,,,,,0,15,185,199,,wjd_mlu_back_reference_v1,Rucna provera WJD IDEA back-reference kandidata,MLU_REVIEWED,,,,,,,,,,,,,8,7,0.875,lick,#lick,variation,1.204159,0.125,,82,1.893152,1.679592,0.887193,4.225757,
NE,Did You Call Her Today,Ben Webster,22,,MLU:#lick->#lick,153,166,7,160,0.589015,,,0.589015,,,,,"[56, 58, 61, 62, 61, 61, 60]","[56, 59, 62, 63, 59, 60, 63]",C:\Users\nikol\Desktop\jazzdialog\output\mlu_review_midis\melid_22_phrase_mlu_022_n153_s160_e167_split_7.mid,,,,,,,,,,,0,14,153,166,,wjd_mlu_back_reference_v1,Rucna provera WJD IDEA back-reference kandidata,MLU_REVIEWED,,,,,,,,,,,,,7,7,1.0,#lick,#lick,variation,0.589015,0.589015,,22,1.131973,1.944671,0.58209,6.183894,
DA,Where or When,Ben Webster,25,,MLU:#melody->#melody,136,154,8,144,0.6962,,,0.6962,,,,,"[53, 56, 57, 58, 59, 63, 61, 53]","[53, 56, 63, 61, 56, 58, 59, 60, 59, 60, 60]",C:\Users\nikol\Desktop\jazzdialog\output\mlu_review_midis\melid_25_phrase_mlu_076_n136_s144_e155_split_8.mid,,,,,,,,,,,0,19,136,154,,wjd_mlu_back_reference_v1,Rucna provera WJD IDEA back-reference kandidata,MLU_REVIEWED,,,,,,,,,,,,,8,11,1.375,#melody,#melody,variation,0.6962,0.6962,,76,2.232744,3.096961,0.720947,3.583035,
NE,I'm Coming Virginia,Bix Beiderbecke,26,,MLU:##lick->#lick,172,200,16,188,0.626079,,,0.626079,,,,,"[70, 77, 73, 70, 67, 69, 72, 69, 68, 67, 67, 69, 65, 67, 67, 67]","[65, 68, 69, 68, 69, 68, 69, 68, 69, 63, 67, 67, 67]",C:\Users\nikol\Desktop\jazzdialog\output\mlu_review_midis\melid_26_phrase_mlu_077_n172_s188_e201_split_16.mid,,,,,,,,,,,0,29,172,200,,wjd_mlu_back_reference_v1,Rucna provera WJD IDEA back-reference kandidata,MLU_REVIEWED,,,,,,,,,,,,,16,13,0.812,##lick,#lick,variation,0.626079,0.518262,,77,5.044535,2.919909,0.578826,4.452193,
DA,Nature of the Beast,Bob Berg,34,,MLU:#theme:t1->#lick,117,136,8,125,1.689428,,,1.689428,,,,,"[53, 60, 62, 63, 65, 61, 62, 60]","[70, 69, 65, 67, 63, 62, 60, 65, 67, 62, 63, 60]",C:\Users\nikol\Desktop\jazzdialog\output\mlu_review_midis\melid_34_phrase_mlu_033_n117_s125_e137_split_8.mid,,,,,,,,,,,0,20,117,136,,wjd_mlu_back_reference_v1,Rucna provera WJD IDEA back-reference kandidata,MLU_REVIEWED,,,,,,,,,,,,,8,12,1.5,#theme:t1,#lick,variation,1.689428,2.758421,,33,1.073923,2.020136,0.531609,7.449324,
DA,No Moe,Bob Berg,35,,MLU:lick->#lick,0,20,9,9,1.057517,,,1.057517,,,,,"[63, 68, 70, 73, 75, 71, 73, 70, 68]","[63, 67, 70, 74, 75, 73, 70, 68, 65, 63, 61, 58]",C:\Users\nikol\Desktop\jazzdialog\output\mlu_review_midis\melid_35_phrase_mlu_059_n0_s9_e21_split_9.mid,,,,,,,,,,,0,21,0,20,,wjd_mlu_back_reference_v1,Rucna provera WJD IDEA back-reference kandidata,MLU_REVIEWED,,,,,,,,,,,,,9,12,1.333,lick,#lick,variation,1.057517,1.057517,,59,1.668934,2.750794,0.60671,5.392663,
NE,Gutbucket Steepy,Branford Marsalis,38,,MLU:lick->#lick,0,19,9,9,0.638971,,,0.638971,,,,,"[70, 73, 69, 70, 66, 63, 64, 62, 61]","[73, 70, 65, 66, 63, 64, 58, 64, 65, 56, 59]",C:\Users\nikol\Desktop\jazzdialog\output\mlu_review_midis\melid_38_phrase_mlu_043_n0_s9_e20_split_9.mid,,,,,,,,,,,0,20,0,19,,wjd_mlu_back_reference_v1,Rucna provera WJD IDEA back-reference kandidata,MLU_REVIEWED,,,,,,,,,,,,,9,11,1.222,lick,#lick,variation,0.638971,0.791623,,43,5.159909,5.836735,0.88404,1.884615,
DA,Three Little Words,Branford Marsalis,42,,MLU:#lick->#lick,649,671,9,658,0.485341,,,0.485341,,,,,"[64, 63, 64, 55, 57, 60, 57, 63, 64]","[64, 65, 63, 64, 60, 55, 53, 58, 59, 60, 59, 60, 59, 60]",C:\Users\nikol\Desktop\jazzdialog\output\mlu_review_midis\melid_42_phrase_mlu_087_n649_s658_e672_split_9.mid,,,,,,,,,,,0,23,649,671,,wjd_mlu_back_reference_v1,Rucna provera WJD IDEA back-reference kandidata,MLU_REVIEWED,,,,,,,,,,,,,9,14,1.556,#lick,#lick,variation,0.485341,0.485341,,87,1.340952,2.249433,0.596129,6.711648,
NE,U.M.M.G.,Branford Marsalis,43,,MLU:#line_i_hd->#line_i_hw,633,660,14,647,0.839096,,,0.839096,,,,,"[63, 58, 63, 58, 63, 58, 63, 58, 62, 58, 62, 58, 62, 58]","[60, 55, 60, 55, 60, 57, 60, 57, 60, 55, 60, 53, 60, 52]",C:\Users\nikol\Desktop\jazzdialog\output\mlu_review_midis\melid_43_phrase_mlu_066_n633_s647_e661_split_14.mid,,,,,,,,,,,0,28,633,660,,wjd_mlu_back_reference_v1,Rucna provera WJD IDEA back-reference kandidata,MLU_REVIEWED,,,,,,,,,,,,,14,14,1.0,#line_i_hd,#line_i_hw,variation,0.839096,0.349927,,66,1.886621,1.944671,0.970149,7.420673,
NE,After Theatre Jump,Buck Clayton,44,,MLU:#-lick->#lick,45,74,10,55,0.557462,,,0.557462,,,,,"[65, 68, 71, 73, 71, 73, 70, 71, 70, 68]","[65, 68, 73, 71, 70, 68, 64, 65, 68, 70, 71, 70, 68, 61, 64, 65, 68, 70, 73, 73]",C:\Users\nikol\Desktop\jazzdialog\output\mlu_review_midis\melid_44_phrase_mlu_089_n45_s55_e75_split_10.mid,,,,,,,,,,,0,30,45,74,,wjd_mlu_back_reference_v1,Rucna provera WJD IDEA back-reference kandidata,MLU_REVIEWED,,,,,,,,,,,,,10,20,2.0,#-lick,#lick,variation,0.557462,0.557462,,89,2.183673,4.82551,0.452527,4.579439,
NE,High Fly,Cannonball Adderley,47,,MLU:~line_t_asdl->#line_w_cx,491,520,12,503,0.842615,,,0.842615,,,,,"[69, 71, 74, 71, 72, 74, 76, 72, 67, 65, 63, 60]","[62, 60, 65, 62, 63, 67, 70, 74, 73, 74, 73, 69, 66, 65, 63, 58, 62, 65]",C:\Users\nikol\Desktop\jazzdialog\output\mlu_review_midis\melid_47_phrase_mlu_097_n491_s503_e521_split_12.mid,,,,,,,,,,,0,30,491,520,,wjd_mlu_back_reference_v1,Rucna provera WJD IDEA back-reference kandidata,MLU_REVIEWED,,,,,,,,,,,,,12,18,1.5,~line_t_asdl,#line_w_cx,variation,0.842615,0.85,,97,2.510952,2.77424,0.905095,6.488263,
NE,This Here,Cannonball Adderley,50,,MLU:##lick->#lick,24,49,12,36,0.776209,,,0.776209,,,,,"[63, 62, 60, 62, 65, 67, 68, 70, 71, 70, 68, 65]","[68, 70, 71, 70, 71, 67, 68, 65, 62, 60, 65, 68, 68, 69]",C:\Users\nikol\Desktop\jazzdialog\output\mlu_review_midis\melid_50_phrase_mlu_057_n24_s36_e50_split_12.mid,,,,,,,,,,,0,26,24,49,,wjd_mlu_back_reference_v1,Rucna provera WJD IDEA back-reference kandidata,MLU_REVIEWED,,,,,,,,,,,,,12,14,1.167,##lick,#lick,variation,0.776209,0.717453,,57,3.10932,2.780544,0.894261,5.034986,
DA,Work Song,Cannonball Adderley,51,,MLU:lick->#lick,131,148,8,139,1.06066,,,1.06066,,,,,"[61, 62, 62, 65, 67, 68, 65, 65]","[62, 65, 68, 70, 70, 70, 71, 71, 72, 74]",C:\Users\nikol\Desktop\jazzdialog\output\mlu_review_midis\melid_51_phrase_mlu_042_n131_s139_e149_split_8.mid,,,,,,,,,,,0,18,131,148,,wjd_mlu_back_reference_v1,Rucna provera WJD IDEA back-reference kandidata,MLU_REVIEWED,,,,,,,,,,,,,8,10,1.25,lick,#lick,variation,1.06066,0.889757,,42,1.662018,2.270884,0.731881,4.813425,
DA,Billie's Bounce,Charlie Parker,52,,MLU:lick_blues->#line_w_cx,67,92,15,82,0.599885,,,0.599885,,,,,"[65, 68, 70, 69, 70, 71, 71, 71, 70, 68, 65, 69, 70, 71, 70]","[65, 68, 69, 70, 71, 72, 73, 72, 69, 65, 63]",C:\Users\nikol\Desktop\jazzdialog\output\mlu_review_midis\melid_52_phrase_mlu_091_n67_s82_e93_split_15.mid,,,,,,,,,,,0,26,67,92,,wjd_mlu_back_reference_v1,Rucna provera WJD IDEA back-reference kandidata,MLU_REVIEWED,,,,,,,,,,,,,15,11,0.733,lick_blues,#line_w_cx,variation,0.599885,0.599885,,91,2.499048,2.004172,0.801974,6.002287,
NE,Ornithology,Charlie Parker,61,,MLU:lick->#line_w,161,193,13,174,0.67991,,,0.67991,,,,,"[76, 77, 69, 67, 68, 76, 75, 74, 72, 67, 64, 60, 63]","[74, 72, 71, 69, 68, 59, 62, 65, 64, 63, 62, 59, 60, 64, 67, 69, 68, 71, 74, 64]",C:\Users\nikol\Desktop\jazzdialog\output\mlu_review_midis\melid_61_phrase_mlu_102_n161_s174_e194_split_13.mid,,,,,,,,,,,0,33,161,193,,wjd_mlu_back_reference_v1,Rucna provera WJD IDEA back-reference kandidata,MLU_REVIEWED,,,,,,,,,,,,,13,20,1.538,lick,#line_w,variation,0.67991,0.619677,,102,2.079592,2.563265,0.811306,7.802548,
DA,Thriving on a Riff,Charlie Parker,67,,MLU:lick->#lick,305,329,14,319,0.755929,,,0.755929,,,,,"[65, 67, 68, 70, 72, 74, 70, 72, 70, 67, 66, 72, 73, 74]","[65, 67, 68, 70, 73, 74, 72, 70, 67, 69, 65]",C:\Users\nikol\Desktop\jazzdialog\output\mlu_review_midis\melid_67_phrase_mlu_080_n305_s319_e330_split_14.mid,,,,,,,,,,,0,25,305,329,,wjd_mlu_back_reference_v1,Rucna provera WJD IDEA back-reference kandidata,MLU_REVIEWED,,,,,,,,,,,,,14,11,0.786,lick,#lick,variation,0.755929,0.755929,,80,1.808254,1.706667,0.94382,7.742275,
NE,Arjuna,Chris Potter,79,,MLU:#lick->#lick,33,51,10,43,0.46188,,,0.46188,,,,,"[68, 66, 67, 66, 65, 62, 67, 66, 65, 62]","[65, 66, 67, 68, 69, 67, 66, 67, 66]",C:\Users\nikol\Desktop\jazzdialog\output\mlu_review_midis\melid_79_phrase_mlu_024_n33_s43_e52_split_10.mid,,,,,,,,,,,0,19,33,51,,wjd_mlu_back_reference_v1,Rucna provera WJD IDEA back-reference kandidata,MLU_REVIEWED,,,,,,,,,,,,,10,9,0.9,#lick,#lick,variation,0.46188,1.010153,,24,2.242222,1.709184,0.762272,5.265672,
DA,In a Sentimental Mood,Chris Potter,80,,MLU:#lick->#lick,203,220,8,211,0.714143,,,0.714143,,,,,"[62, 62, 62, 62, 65, 60, 58, 57]","[65, 67, 64, 65, 62, 65, 60, 58, 57, 55]",C:\Users\nikol\Desktop\jazzdialog\output\mlu_review_midis\melid_80_phrase_mlu_007_n203_s211_e221_split_8.mid,,,,,,,,,,,0,18,203,220,,wjd_mlu_back_reference_v1,Rucna provera WJD IDEA back-reference kandidata,MLU_REVIEWED,,,,,,,,,,,,,8,10,1.25,#lick,#lick,variation,0.714143,0.543928,,7,1.726984,1.899683,0.909091,5.264037,
NE,Rumples,Chris Potter,83,,MLU:lick->#lick,393,415,12,405,0.581187,,,0.581187,,,,,"[68, 68, 65, 69, 68, 67, 63, 68, 66, 62, 58, 63]","[69, 68, 62, 68, 66, 63, 58, 62, 69, 63, 68]",C:\Users\nikol\Desktop\jazzdialog\output\mlu_review_midis\melid_83_phrase_mlu_045_n393_s405_e416_split_12.mid,,,,,,,,,,,0,23,393,415,,wjd_mlu_back_reference_v1,Rucna provera WJD IDEA back-reference kandidata,MLU_REVIEWED,,,,,,,,,,,,,12,11,0.917,lick,#lick,variation,0.581187,0.524934,,45,1.838912,1.926168,0.9547,6.525599,
NE,Togo,Chris Potter,84,,MLU:#lick->#lick,325,350,13,338,1.02888,,,1.02888,,,,,"[65, 65, 62, 62, 65, 65, 69, 69, 65, 65, 67, 67, 67]","[79, 67, 67, 69, 67, 70, 69, 67, 65, 69, 67, 67, 67]",C:\Users\nikol\Desktop\jazzdialog\output\mlu_review_midis\melid_84_phrase_mlu_004_n325_s338_e351_split_13.mid,,,,,,,,,,,0,26,325,350,,wjd_mlu_back_reference_v1,Rucna provera WJD IDEA back-reference kandidata,MLU_REVIEWED,,,,,,,,,,,,,13,13,1.0,#lick,#lick,variation,1.02888,3.006795,,4,3.061224,2.657143,0.868,4.892473,
NE,Body and Soul,Coleman Hawkins,96,,MLU:line_w_d->#line_w_d,596,617,14,610,0.757188,,,0.757188,,,,,"[63, 65, 66, 69, 66, 63, 60, 57, 54, 51, 53, 60, 61, 58]","[65, 63, 62, 57, 54, 51, 50, 54]",C:\Users\nikol\Desktop\jazzdialog\output\mlu_review_midis\melid_96_phrase_mlu_112_n596_s610_e618_split_14.mid,,,,,,,,,,,0,22,596,617,,wjd_mlu_back_reference_v1,Rucna provera WJD IDEA back-reference kandidata,MLU_REVIEWED,,,,,,,,,,,,,14,8,0.571,line_w_d,#line_w_d,variation,0.757188,0.948501,,112,2.591837,1.959184,0.755906,5.401575,
DA,Sophisticated Lady,Coleman Hawkins,100,,MLU:#melody->#melody,180,195,7,187,1.495363,,,1.495363,,,,,"[51, 53, 48, 50, 51, 53, 55]","[55, 53, 54, 63, 62, 63, 62, 60, 59]",C:\Users\nikol\Desktop\jazzdialog\output\mlu_review_midis\melid_100_phrase_mlu_083_n180_s187_e196_split_7.mid,,,,,,,,,,,0,16,180,195,,wjd_mlu_back_reference_v1,Rucna provera WJD IDEA back-reference kandidata,MLU_REVIEWED,,,,,,,,,,,,,7,9,1.286,#melody,#melody,variation,1.495363,0.677003,,83,1.660227,1.906939,0.870624,4.719606,
NE,Stompin' at the Savoy,Coleman Hawkins,101,,MLU:line_w_d->#line_t_asdl,201,223,12,213,0.510102,,,0.510102,,,,,"[58, 62, 65, 63, 61, 60, 58, 56, 58, 55, 56, 53]","[56, 59, 62, 65, 64, 63, 60, 61, 58, 59, 58]",C:\Users\nikol\Desktop\jazzdialog\output\mlu_review_midis\melid_101_phrase_mlu_065_n201_s213_e224_split_12.mid,,,,,,,,,,,0,23,201,223,,wjd_mlu_back_reference_v1,Rucna provera WJD IDEA back-reference kandidata,MLU_REVIEWED,,,,,,,,,,,,,12,11,0.917,line_w_d,#line_t_asdl,variation,0.510102,0.652385,,65,1.529615,1.52381,0.996205,7.845114,
DA,Secret Love,David Liebman,112,,MLU:melody->#melody,263,278,7,270,0.867806,,,0.867806,,,,,"[67, 70, 68, 67, 79, 78, 77]","[70, 69, 68, 67, 78, 79, 77, 70, 77]",C:\Users\nikol\Desktop\jazzdialog\output\mlu_review_midis\melid_112_phrase_mlu_041_n263_s270_e279_split_7.mid,,,,,,,,,,,0,16,263,278,,wjd_mlu_back_reference_v1,Rucna provera WJD IDEA back-reference kandidata,MLU_REVIEWED,,,,,,,,,,,,,7,9,1.286,melody,#melody,variation,0.867806,0.993031,,41,1.787755,1.680544,0.94003,5.355408,
NE,Cheese Cake,Dexter Gordon,121,,MLU:melody->#lick,555,571,8,563,2.867442,,,2.867442,,,,,"[62, 65, 69, 72, 72, 76, 79, 76]","[76, 77, 74, 74, 70, 70, 68, 67, 67]",C:\Users\nikol\Desktop\jazzdialog\output\mlu_review_midis\melid_121_phrase_mlu_001_n555_s563_e572_split_8.mid,,,,,,,,,,,0,17,555,571,,wjd_mlu_back_reference_v1,Rucna provera WJD IDEA back-reference kandidata,MLU_REVIEWED,,,,,,,,,,,,,8,9,1.125,melody,#lick,variation,2.867442,5.337961,,1,1.888957,2.323424,0.813006,4.235142,
NE,Montmartre,Dexter Gordon,123,,MLU:quote: Black Orpheus (ending)->#line_w_cx,166,180,7,173,1.94554,,,1.94554,,,,,"[50, 51, 54, 57, 61, 57, 60]","[57, 58, 61, 65, 71, 72, 70, 63]",C:\Users\nikol\Desktop\jazzdialog\output\mlu_review_midis\melid_123_phrase_mlu_072_n166_s173_e181_split_7.mid,,,,,,,,,,,0,15,166,180,,wjd_mlu_back_reference_v1,Rucna provera WJD IDEA back-reference kandidata,MLU_REVIEWED,,,,,,,,,,,,,7,8,1.143,quote: Black Orpheus (ending),#line_w_cx,variation,1.94554,0.761739,,72,1.831474,1.46576,0.800317,5.457921,
NE,Society Red,Dexter Gordon,124,,MLU:#lick_blues->#lick_blues,220,249,15,235,0.810826,,,0.810826,,,,,"[68, 65, 70, 72, 70, 68, 65, 68, 65, 65, 68, 65, 68, 65, 58]","[67, 68, 65, 70, 71, 70, 68, 65, 59, 65, 68, 60, 62, 65, 68]",C:\Users\nikol\Desktop\jazzdialog\output\mlu_review_midis\melid_124_phrase_mlu_028_n220_s235_e250_split_15.mid,,,,,,,,,,,0,30,220,249,,wjd_mlu_back_reference_v1,Rucna provera WJD IDEA back-reference kandidata,MLU_REVIEWED,,,,,,,,,,,,,15,15,1.0,#lick_blues,#lick_blues,variation,0.810826,0.79575,,28,3.791837,3.428571,0.904198,4.375,
NE,Stanley the Steamer,Dexter Gordon,125,,MLU:lick->#lick,376,399,9,385,1.531353,,,1.531353,,,,,"[46, 51, 55, 49, 53, 56, 54, 59, 61]","[59, 63, 66, 59, 62, 67, 62, 65, 62, 63, 67, 70, 74, 74, 74]",C:\Users\nikol\Desktop\jazzdialog\output\mlu_review_midis\melid_125_phrase_mlu_110_n376_s385_e400_split_9.mid,,,,,,,,,,,0,24,376,399,,wjd_mlu_back_reference_v1,Rucna provera WJD IDEA back-reference kandidata,MLU_REVIEWED,,,,,,,,,,,,,9,15,1.667,lick,#lick,variation,1.531353,0.432263,,110,1.821088,2.987528,0.609564,5.020873,
NE,The Rainbow People,Dexter Gordon,126,,MLU:lick->#lick,632,645,7,639,1.515354,,,1.515354,,,,,"[74, 73, 72, 70, 71, 62, 69]","[67, 69, 67, 65, 63, 64, 60]",C:\Users\nikol\Desktop\jazzdialog\output\mlu_review_midis\melid_126_phrase_mlu_069_n632_s639_e646_split_7.mid,,,,,,,,,,,0,14,632,645,,wjd_mlu_back_reference_v1,Rucna provera WJD IDEA back-reference kandidata,MLU_REVIEWED,,,,,,,,,,,,,7,7,1.0,lick,#lick,variation,1.515354,0.728869,,69,1.834218,1.160862,0.632892,6.030004,
NE,Dickie's Dream,Dickie Wells,129,,MLU:lick->#lick,82,108,17,99,1.096586,,,1.096586,,,,,"[65, 68, 71, 72, 60, 60, 61, 60, 55, 55, 56, 55, 56, 63, 62, 60, 55]","[56, 55, 62, 63, 60, 60, 60, 60, 55, 55]",C:\Users\nikol\Desktop\jazzdialog\output\mlu_review_midis\melid_129_phrase_mlu_113_n82_s99_e109_split_17.mid,,,,,,,,,,,0,27,82,108,,wjd_mlu_back_reference_v1,Rucna provera WJD IDEA back-reference kandidata,MLU_REVIEWED,,,,,,,,,,,,,17,10,0.588,lick,#lick,variation,1.096586,1.128883,,113,4.382766,2.475828,0.564901,4.039053,
NE,Jo-Jo,Dickie Wells,131,,MLU:~lick->#lick,43,61,8,51,1.171282,,,1.171282,,,,,"[62, 61, 60, 58, 61, 60, 58, 65]","[58, 61, 60, 58, 60, 61, 58, 60, 61, 58, 53]",C:\Users\nikol\Desktop\jazzdialog\output\mlu_review_midis\melid_131_phrase_mlu_036_n43_s51_e62_split_8.mid,,,,,,,,,,,0,19,43,61,,wjd_mlu_back_reference_v1,Rucna provera WJD IDEA back-reference kandidata,MLU_REVIEWED,,,,,,,,,,,,,8,11,1.375,~lick,#lick,variation,1.171282,0.71261,,36,1.464399,2.714286,0.539515,5.462992,
NE,Groovin' High,Dizzy Gillespie,137,,MLU:melody->#lick_bebop,323,341,9,332,0.824908,,,0.824908,,,,,"[80, 82, 84, 85, 87, 84, 78, 86, 83]","[85, 86, 85, 83, 85, 84, 82, 80, 79, 78]",C:\Users\nikol\Desktop\jazzdialog\output\mlu_review_midis\melid_137_phrase_mlu_063_n323_s332_e342_split_9.mid,,,,,,,,,,,0,19,323,341,,wjd_mlu_back_reference_v1,Rucna provera WJD IDEA back-reference kandidata,MLU_REVIEWED,,,,,,,,,,,,,9,10,1.111,melody,#lick_bebop,variation,0.824908,1.305405,,63,2.396009,1.621769,0.676863,6.166107,
NE,Body and Soul,Don Byas,140,,MLU:melody->#lick,559,581,11,570,0.840852,,,0.840852,,,,,"[61, 64, 55, 54, 57, 59, 64, 65, 64, 62, 55]","[57, 59, 64, 61, 62, 64, 69, 71, 69, 67, 60, 58]",C:\Users\nikol\Desktop\jazzdialog\output\mlu_review_midis\melid_140_phrase_mlu_030_n559_s570_e582_split_11.mid,,,,,,,,,,,0,23,559,581,,wjd_mlu_back_reference_v1,Rucna provera WJD IDEA back-reference kandidata,MLU_REVIEWED,,,,,,,,,,,,,11,12,1.091,melody,#lick,variation,0.840852,1.174576,,30,3.222585,2.435714,0.755826,4.926686,
NE,I Love You,Don Ellis,147,,MLU:lick->#lick,144,172,12,156,0.942338,,,0.942338,,,,,"[60, 62, 64, 65, 67, 69, 70, 72, 73, 75, 73, 75]","[73, 75, 77, 78, 75, 73, 75, 77, 78, 75, 73, 72, 70, 71, 72, 71, 72]",C:\Users\nikol\Desktop\jazzdialog\output\mlu_review_midis\melid_147_phrase_mlu_046_n144_s156_e173_split_12.mid,,,,,,,,,,,0,29,144,172,,wjd_mlu_back_reference_v1,Rucna provera WJD IDEA back-reference kandidata,MLU_REVIEWED,,,,,,,,,,,,,12,17,1.417,lick,#lick,variation,0.942338,2.225209,,46,1.967347,3.006122,0.654447,6.099585,
NE,Sweet and Lovely,Don Ellis,150,,MLU:line_t_asdl->#line_a,162,175,7,169,2.828427,,,2.828427,,,,,"[62, 65, 68, 70, 68, 64, 64]","[60, 64, 67, 70, 75, 73, 80]",C:\Users\nikol\Desktop\jazzdialog\output\mlu_review_midis\melid_150_phrase_mlu_012_n162_s169_e176_split_7.mid,,,,,,,,,,,0,14,162,175,,wjd_mlu_back_reference_v1,Rucna provera WJD IDEA back-reference kandidata,MLU_REVIEWED,,,,,,,,,,,,,7,7,1.0,line_t_asdl,#line_a,variation,2.828427,3.295018,,12,2.009342,2.477279,0.811109,3.483727,
DA,245,Eric Dolphy,153,,MLU:#lick_blues->#lick_blues,481,507,11,492,0.966569,,,0.966569,,,,,"[73, 75, 76, 75, 76, 75, 76, 73, 75, 76, 72]","[74, 75, 74, 75, 74, 75, 74, 75, 77, 76, 72, 70, 68, 65, 60, 65]",C:\Users\nikol\Desktop\jazzdialog\output\mlu_review_midis\melid_153_phrase_mlu_081_n481_s492_e508_split_11.mid,,,,,,,,,,,0,27,481,507,,wjd_mlu_back_reference_v1,Rucna provera WJD IDEA back-reference kandidata,MLU_REVIEWED,,,,,,,,,,,,,11,16,1.455,#lick_blues,#lick_blues,variation,0.966569,0.84183,,81,1.857143,2.071429,0.896552,7.724138,
NE,Dahomey Dance,Eric Dolphy,155,,MLU:~lick->#lick,178,202,15,193,0.917928,,,0.917928,,,,,"[80, 75, 72, 68, 72, 75, 80, 75, 72, 72, 73, 79, 80, 84, 80]","[68, 72, 76, 80, 84, 77, 87, 84, 85, 77]",C:\Users\nikol\Desktop\jazzdialog\output\mlu_review_midis\melid_155_phrase_mlu_099_n178_s193_e203_split_15.mid,,,,,,,,,,,0,25,178,202,,wjd_mlu_back_reference_v1,Rucna provera WJD IDEA back-reference kandidata,MLU_REVIEWED,,,,,,,,,,,,,15,10,0.667,~lick,#lick,variation,0.917928,1.696496,,99,3.477188,3.099864,0.891486,4.31383,
NE,The Skunk,Fats Navarro,164,,MLU:lick->#lick,20,45,14,34,0.565962,,,0.565962,,,,,"[63, 65, 70, 69, 65, 61, 67, 68, 70, 68, 66, 63, 64, 62]","[61, 64, 66, 69, 67, 66, 64, 61, 65, 66, 65, 56]",C:\Users\nikol\Desktop\jazzdialog\output\mlu_review_midis\melid_164_phrase_mlu_098_n20_s34_e46_split_14.mid,,,,,,,,,,,0,26,20,45,,wjd_mlu_back_reference_v1,Rucna provera WJD IDEA back-reference kandidata,MLU_REVIEWED,,,,,,,,,,,,,14,12,0.857,lick,#lick,variation,0.565962,0.475986,,98,2.261429,2.306122,0.980619,6.190777,
DA,Speak No Evil,Freddie Hubbard,170,,MLU:#lick_blues->#lick,8,30,10,18,0.896908,,,0.896908,,,,,"[78, 77, 78, 77, 78, 77, 77, 72, 75, 77]","[78, 77, 75, 72, 77, 75, 72, 68, 71, 70, 72, 70, 67]",C:\Users\nikol\Desktop\jazzdialog\output\mlu_review_midis\melid_170_phrase_mlu_037_n8_s18_e31_split_10.mid,,,,,,,,,,,0,23,8,30,,wjd_mlu_back_reference_v1,Rucna provera WJD IDEA back-reference kandidata,MLU_REVIEWED,,,,,,,,,,,,,10,13,1.3,#lick_blues,#lick,variation,0.896908,0.896908,,37,2.426485,3.912063,0.620257,4.121187,
NE,Bunny,Gerry Mulligan,172,,MLU:#lick->#lick,58,84,9,67,0.582102,,,0.582102,,,,,"[50, 49, 50, 52, 53, 57, 55, 52, 48]","[57, 55, 52, 48, 50, 48, 48, 52, 51, 48, 50, 48, 48, 50, 48, 50, 52, 55]",C:\Users\nikol\Desktop\jazzdialog\output\mlu_review_midis\melid_172_phrase_mlu_090_n58_s67_e85_split_9.mid,,,,,,,,,,,0,27,58,84,,wjd_mlu_back_reference_v1,Rucna provera WJD IDEA back-reference kandidata,MLU_REVIEWED,,,,,,,,,,,,,9,18,2.0,#lick,#lick,variation,0.582102,0.961665,,90,2.45551,4.536599,0.541267,3.96773,
NE,Scrapple from the Apple,Gerry Mulligan,174,,MLU:#lick->#lick,410,431,10,420,0.557773,,,0.557773,,,,,"[57, 60, 64, 63, 60, 57, 61, 62, 59, 55]","[55, 59, 62, 61, 59, 60, 59, 58, 56, 57, 60, 62]",C:\Users\nikol\Desktop\jazzdialog\output\mlu_review_midis\melid_174_phrase_mlu_070_n410_s420_e432_split_10.mid,,,,,,,,,,,0,22,410,431,,wjd_mlu_back_reference_v1,Rucna provera WJD IDEA back-reference kandidata,MLU_REVIEWED,,,,,,,,,,,,,10,12,1.2,#lick,#lick,variation,0.557773,0.776885,,70,1.31415,1.671497,0.786211,7.609483,
NE,This Can't Be Love,Gerry Mulligan,176,,MLU:lick->#lick,302,318,8,310,0.979796,,,0.979796,,,,,"[59, 60, 65, 63, 55, 56, 61, 60]","[58, 60, 65, 63, 59, 63, 59, 56, 53]",C:\Users\nikol\Desktop\jazzdialog\output\mlu_review_midis\melid_176_phrase_mlu_027_n302_s310_e319_split_8.mid,,,,,,,,,,,0,17,302,318,,wjd_mlu_back_reference_v1,Rucna provera WJD IDEA back-reference kandidata,MLU_REVIEWED,,,,,,,,,,,,,8,9,1.125,lick,#lick,variation,0.979796,0.808018,,27,1.470113,1.603628,0.916742,5.612274,
NE,Remember,Hank Mobley,180,,MLU:lick->#lick,148,162,7,155,0.467707,,,0.467707,,,,,"[68, 67, 66, 64, 63, 61, 59]","[65, 67, 65, 63, 62, 60, 59, 58]",C:\Users\nikol\Desktop\jazzdialog\output\mlu_review_midis\melid_180_phrase_mlu_084_n148_s155_e163_split_7.mid,,,,,,,,,,,0,15,148,162,,wjd_mlu_back_reference_v1,Rucna provera WJD IDEA back-reference kandidata,MLU_REVIEWED,,,,,,,,,,,,,7,8,1.143,lick,#lick,variation,0.467707,0.414578,,84,1.134694,1.914286,0.592751,6.169065,
NE,Soul Station,Hank Mobley,181,,MLU:##lick_blues->#lick_blues,472,489,7,479,0.948371,,,0.948371,,,,,"[58, 60, 63, 68, 65, 63, 63]","[68, 65, 67, 63, 63, 66, 63, 67, 66, 67, 63]",C:\Users\nikol\Desktop\jazzdialog\output\mlu_review_midis\melid_181_phrase_mlu_040_n472_s479_e490_split_7.mid,,,,,,,,,,,0,18,472,489,,wjd_mlu_back_reference_v1,Rucna provera WJD IDEA back-reference kandidata,MLU_REVIEWED,,,,,,,,,,,,,7,11,1.571,##lick_blues,#lick_blues,variation,0.948371,1.429841,,40,1.462857,1.695057,0.863014,6.489458,
NE,Hand Jive,Herbie Hancock,187,,MLU:lick->#lick,234,256,10,244,2.174964,,,2.174964,,,,,"[64, 69, 73, 81, 85, 88, 88, 85, 87, 86]","[87, 85, 87, 84, 87, 83, 82, 83, 81, 80, 81, 79, 75]",C:\Users\nikol\Desktop\jazzdialog\output\mlu_review_midis\melid_187_phrase_mlu_002_n234_s244_e257_split_10.mid,,,,,,,,,,,0,23,234,256,,wjd_mlu_back_reference_v1,Rucna provera WJD IDEA back-reference kandidata,MLU_REVIEWED,,,,,,,,,,,,,10,13,1.3,lick,#lick,variation,2.174964,5.969845,,2,1.708163,3.2161,0.531129,5.854241,
DA,Elora,J.J. Johnson,193,,MLU:lick->#lick,53,74,10,63,0.596285,,,0.596285,,,,,"[70, 68, 65, 63, 60, 58, 56, 60, 62, 65]","[70, 67, 65, 63, 70, 70, 66, 65, 63, 61, 62, 65]",C:\Users\nikol\Desktop\jazzdialog\output\mlu_review_midis\melid_193_phrase_mlu_071_n53_s63_e75_split_10.mid,,,,,,,,,,,0,22,53,74,,wjd_mlu_back_reference_v1,Rucna provera WJD IDEA back-reference kandidata,MLU_REVIEWED,,,,,,,,,,,,,10,12,1.2,lick,#lick,variation,0.596285,0.596285,,71,1.983673,3.159184,0.627907,5.041152,
NE,The Sidewinder,Joe Henderson,203,,MLU:lick->#lick,254,271,9,263,0.818182,,,0.818182,,,,,"[73, 70, 63, 63, 73, 72, 68, 65, 63]","[73, 72, 68, 65, 60, 63, 67, 65, 62]",C:\Users\nikol\Desktop\jazzdialog\output\mlu_review_midis\melid_203_phrase_mlu_011_n254_s263_e272_split_9.mid,,,,,,,,,,,0,18,254,271,,wjd_mlu_back_reference_v1,Rucna provera WJD IDEA back-reference kandidata,MLU_REVIEWED,,,,,,,,,,,,,9,9,1.0,lick,#lick,variation,0.818182,0.818182,,11,2.297959,1.258685,0.54774,7.150321,
DA,Totem Pole,Joe Henderson,204,,MLU:melody->#melody,18,41,10,28,0.887151,,,0.887151,,,,,"[62, 61, 59, 62, 61, 59, 62, 61, 59, 58]","[56, 54, 56, 58, 58, 56, 54, 58, 56, 54, 58, 56, 54, 51]",C:\Users\nikol\Desktop\jazzdialog\output\mlu_review_midis\melid_204_phrase_mlu_092_n18_s28_e42_split_10.mid,,,,,,,,,,,0,24,18,41,,wjd_mlu_back_reference_v1,Rucna provera WJD IDEA back-reference kandidata,MLU_REVIEWED,,,,,,,,,,,,,10,14,1.4,melody,#melody,variation,0.887151,0.371154,,92,1.770522,2.773696,0.638326,5.648053,
NE,26-2,John Coltrane,215,,MLU:lick->#line_w,225,249,9,234,0.551814,,,0.551814,,,,,"[70, 72, 74, 73, 70, 67, 63, 64, 66]","[69, 73, 74, 73, 71, 69, 67, 66, 69, 63, 65, 69, 72, 70, 65, 62]",C:\Users\nikol\Desktop\jazzdialog\output\mlu_review_midis\melid_215_phrase_mlu_104_n225_s234_e250_split_9.mid,,,,,,,,,,,0,25,225,249,,wjd_mlu_back_reference_v1,Rucna provera WJD IDEA back-reference kandidata,MLU_REVIEWED,,,,,,,,,,,,,9,16,1.778,lick,#line_w,variation,0.551814,0.53287,,104,1.180907,2.938776,0.401836,7.62126,
NE,Blue Train,John Coltrane,218,,MLU:~#lick->#lick,31,53,15,46,0.68313,,,0.68313,,,,,"[68, 66, 63, 65, 63, 66, 63, 65, 63, 61, 58, 56, 53, 55, 63]","[63, 61, 65, 63, 66, 63, 58, 56]",C:\Users\nikol\Desktop\jazzdialog\output\mlu_review_midis\melid_218_phrase_mlu_106_n31_s46_e54_split_15.mid,,,,,,,,,,,0,23,31,53,,wjd_mlu_back_reference_v1,Rucna provera WJD IDEA back-reference kandidata,MLU_REVIEWED,,,,,,,,,,,,,15,8,0.533,~#lick,#lick,variation,0.68313,0.698237,,106,2.873469,2.244898,0.78125,5.22017,
NE,Body and Soul,John Coltrane,220,,MLU:theme:t17-18->#lick,209,230,14,223,0.795495,,,0.795495,,,,,"[62, 64, 66, 69, 68, 69, 69, 70, 71, 69, 71, 74, 74, 74]","[69, 69, 67, 65, 67, 69, 69, 69]",C:\Users\nikol\Desktop\jazzdialog\output\mlu_review_midis\melid_220_phrase_mlu_107_n209_s223_e231_split_14.mid,,,,,,,,,,,0,22,209,230,,wjd_mlu_back_reference_v1,Rucna provera WJD IDEA back-reference kandidata,MLU_REVIEWED,,,,,,,,,,,,,14,8,0.571,theme:t17-18,#lick,variation,0.795495,1.697856,,107,3.579592,2.638776,0.737172,3.91106,
NE,Impressions,John Coltrane,224,,MLU:lick->#lick,3298,3323,13,3311,0.628932,,,0.628932,,,,,"[68, 69, 69, 62, 65, 69, 68, 69, 67, 69, 67, 66, 65]","[62, 65, 68, 69, 69, 67, 69, 67, 69, 67, 69, 65, 62]",C:\Users\nikol\Desktop\jazzdialog\output\mlu_review_midis\melid_224_phrase_mlu_018_n3298_s3311_e3324_split_13.mid,,,,,,,,,,,0,26,3298,3323,,wjd_mlu_back_reference_v1,Rucna provera WJD IDEA back-reference kandidata,MLU_REVIEWED,,,,,,,,,,,,,13,13,1.0,lick,#lick,variation,0.628932,0.818182,,18,2.338776,2.202041,0.941536,5.903614,
NE,Impressions,John Coltrane,225,,MLU:#lick->#lick,1126,1143,9,1135,0.820738,,,0.820738,,,,,"[47, 54, 49, 57, 48, 53, 57, 62, 59]","[51, 58, 53, 54, 61, 52, 51, 58, 60]",C:\Users\nikol\Desktop\jazzdialog\output\mlu_review_midis\melid_225_phrase_mlu_051_n1126_s1135_e1144_split_9.mid,,,,,,,,,,,0,18,1126,1143,,wjd_mlu_back_reference_v1,Rucna provera WJD IDEA back-reference kandidata,MLU_REVIEWED,,,,,,,,,,,,,9,9,1.0,#lick,#lick,variation,0.820738,0.636364,,51,1.141837,2.060204,0.554235,7.882038,
NE,My Favorite Things,John Coltrane,227,,MLU:lick->#lick,121,147,15,136,0.649519,,,0.649519,,,,,"[64, 67, 71, 74, 78, 79, 81, 83, 85, 83, 85, 83, 81, 79, 76]","[71, 83, 81, 83, 83, 83, 83, 86, 83, 81, 79, 76]",C:\Users\nikol\Desktop\jazzdialog\output\mlu_review_midis\melid_227_phrase_mlu_093_n121_s136_e148_split_15.mid,,,,,,,,,,,0,27,121,147,,wjd_mlu_back_reference_v1,Rucna provera WJD IDEA back-reference kandidata,MLU_REVIEWED,,,,,,,,,,,,,15,12,0.8,lick,#lick,variation,0.649519,0.748392,,93,2.744898,3.882948,0.706911,5.464684,
NE,My Favorite Things,John Coltrane,228,,MLU:#lick->#lick,559,583,10,569,0.565685,,,0.565685,,,,,"[85, 83, 80, 79, 75, 73, 70, 63, 63, 61]","[85, 83, 80, 78, 75, 73, 70, 68, 66, 63, 61, 63, 61, 64, 68]",C:\Users\nikol\Desktop\jazzdialog\output\mlu_review_midis\melid_228_phrase_mlu_088_n559_s569_e584_split_10.mid,,,,,,,,,,,0,25,559,583,,wjd_mlu_back_reference_v1,Rucna provera WJD IDEA back-reference kandidata,MLU_REVIEWED,,,,,,,,,,,,,10,15,1.5,#lick,#lick,variation,0.565685,0.565685,,88,1.616327,2.250522,0.718201,6.665122,
DA,Nature Boy,John Coltrane,229,,MLU:melody->#melody,5,21,8,13,0.968644,,,0.968644,,,,,"[71, 69, 70, 71, 69, 67, 70, 71]","[69, 67, 69, 71, 69, 67, 64, 67, 64]",C:\Users\nikol\Desktop\jazzdialog\output\mlu_review_midis\melid_229_phrase_mlu_019_n5_s13_e22_split_8.mid,,,,,,,,,,,0,17,5,21,,wjd_mlu_back_reference_v1,Rucna provera WJD IDEA back-reference kandidata,MLU_REVIEWED,,,,,,,,,,,,,8,9,1.125,melody,#melody,variation,0.968644,0.628539,,19,4.591474,5.955102,0.771015,1.74236,
DA,So What,John Coltrane,233,,MLU:#melody->#melody,359,387,14,373,0.705337,,,0.705337,,,,,"[53, 56, 54, 56, 58, 60, 61, 63, 63, 63, 65, 66, 68, 58]","[60, 61, 63, 63, 63, 64, 65, 61, 63, 68, 67, 65, 63, 61, 63]",C:\Users\nikol\Desktop\jazzdialog\output\mlu_review_midis\melid_233_phrase_mlu_047_n359_s373_e388_split_14.mid,,,,,,,,,,,0,29,359,387,,wjd_mlu_back_reference_v1,Rucna provera WJD IDEA back-reference kandidata,MLU_REVIEWED,,,,,,,,,,,,,14,15,1.071,#melody,#melody,variation,0.705337,0.516276,,47,3.04263,3.436735,0.885326,4.601282,
NE,Early Morning Rock,Johnny Hodges,242,,MLU:lick->#lick,91,109,7,98,0.618017,,,0.618017,,,,,"[58, 60, 72, 66, 63, 66, 65]","[58, 60, 72, 66, 60, 72, 66, 67, 66, 63, 66, 63]",C:\Users\nikol\Desktop\jazzdialog\output\mlu_review_midis\melid_242_phrase_mlu_052_n91_s98_e110_split_7.mid,,,,,,,,,,,0,19,91,109,,wjd_mlu_back_reference_v1,Rucna provera WJD IDEA back-reference kandidata,MLU_REVIEWED,,,,,,,,,,,,,7,12,1.714,lick,#lick,variation,0.618017,0.618017,,52,1.843084,2.504853,0.735805,4.790701,
NE,Blues on Sunday,Joshua Redman,243,,MLU:lick->#lick,519,533,8,527,0.632456,,,0.632456,,,,,"[63, 63, 66, 67, 72, 71, 70, 63]","[63, 63, 70, 68, 66, 61, 63]",C:\Users\nikol\Desktop\jazzdialog\output\mlu_review_midis\melid_243_phrase_mlu_039_n519_s527_e534_split_8.mid,,,,,,,,,,,0,15,519,533,,wjd_mlu_back_reference_v1,Rucna provera WJD IDEA back-reference kandidata,MLU_REVIEWED,,,,,,,,,,,,,8,7,0.875,lick,#lick,variation,0.632456,0.632456,,39,1.587664,1.503492,0.946984,5.038848,
DA,Doodlin',Kenny Dorham,250,,MLU:#lick->#lick,7,24,7,14,0.987525,,,0.987525,,,,,"[66, 70, 73, 76, 73, 70, 73]","[68, 70, 73, 76, 77, 73, 70, 73, 70, 68, 63]",C:\Users\nikol\Desktop\jazzdialog\output\mlu_review_midis\melid_250_phrase_mlu_029_n7_s14_e25_split_7.mid,,,,,,,,,,,0,18,7,24,,wjd_mlu_back_reference_v1,Rucna provera WJD IDEA back-reference kandidata,MLU_REVIEWED,,,,,,,,,,,,,7,11,1.571,#lick,#lick,variation,0.987525,1.219673,,29,1.473469,3.208707,0.45921,4.750693,
NE,Brother Hubbard,Kenny Garrett,257,,MLU:lick->#lick,425,446,11,436,0.742307,,,0.742307,,,,,"[60, 59, 60, 65, 66, 67, 65, 60, 62, 62, 62]","[60, 61, 60, 60, 53, 60, 62, 62, 62, 60, 60]",C:\Users\nikol\Desktop\jazzdialog\output\mlu_review_midis\melid_257_phrase_mlu_026_n425_s436_e447_split_11.mid,,,,,,,,,,,0,22,425,446,,wjd_mlu_back_reference_v1,Rucna provera WJD IDEA back-reference kandidata,MLU_REVIEWED,,,,,,,,,,,,,11,11,1.0,lick,#lick,variation,0.742307,0.742307,,26,2.636735,3.889796,0.677859,4.171827,
NE,Mean to Me,Lee Konitz,271,,MLU:line_w->#lick,480,510,13,493,0.700857,,,0.700857,,,,,"[74, 75, 74, 72, 70, 69, 68, 67, 65, 64, 63, 67, 70]","[63, 67, 70, 65, 68, 72, 66, 69, 74, 72, 70, 72, 75, 72, 70, 67, 70, 68]",C:\Users\nikol\Desktop\jazzdialog\output\mlu_review_midis\melid_271_phrase_mlu_075_n480_s493_e511_split_13.mid,,,,,,,,,,,0,31,480,510,,wjd_mlu_back_reference_v1,Rucna provera WJD IDEA back-reference kandidata,MLU_REVIEWED,,,,,,,,,,,,,13,18,1.385,line_w,#lick,variation,0.700857,1.753625,,75,3.032653,4.746939,0.638865,4.286676,
NE,The Sidewinder,Lee Morgan,276,,MLU:lick->#lick,78,104,9,87,0.792149,,,0.792149,,,,,"[67, 70, 68, 67, 68, 67, 68, 67, 63]","[68, 67, 63, 68, 67, 68, 67, 65, 64, 65, 63, 61, 60, 58, 56, 58, 60, 53]",C:\Users\nikol\Desktop\jazzdialog\output\mlu_review_midis\melid_276_phrase_mlu_060_n78_s87_e105_split_9.mid,,,,,,,,,,,0,27,78,104,,wjd_mlu_back_reference_v1,Rucna provera WJD IDEA back-reference kandidata,MLU_REVIEWED,,,,,,,,,,,,,9,18,2.0,lick,#lick,variation,0.792149,0.923309,,60,1.227755,3.488798,0.351913,7.330452,
NE,After Theatre Jump,Lester Young,278,,MLU:~melody->#melody,136,152,10,146,0.880631,,,0.880631,,,,,"[54, 52, 53, 56, 53, 56, 53, 54, 58, 58]","[56, 61, 61, 58, 61, 63, 65]",C:\Users\nikol\Desktop\jazzdialog\output\mlu_review_midis\melid_278_phrase_mlu_105_n136_s146_e153_split_10.mid,,,,,,,,,,,0,17,136,152,,wjd_mlu_back_reference_v1,Rucna provera WJD IDEA back-reference kandidata,MLU_REVIEWED,,,,,,,,,,,,,10,7,0.7,~melody,#melody,variation,0.880631,0.534522,,105,2.834694,2.063265,0.727862,3.527718,
NE,D.B. Blues,Lester Young,280,,MLU:lick->#lick,128,152,9,137,1.032349,,,1.032349,,,,,"[62, 64, 65, 68, 71, 73, 74, 71, 62]","[62, 65, 68, 71, 73, 74, 67, 69, 62, 60, 55, 53, 52, 55, 62, 60]",C:\Users\nikol\Desktop\jazzdialog\output\mlu_review_midis\melid_280_phrase_mlu_073_n128_s137_e153_split_9.mid,,,,,,,,,,,0,25,128,152,,wjd_mlu_back_reference_v1,Rucna provera WJD IDEA back-reference kandidata,MLU_REVIEWED,,,,,,,,,,,,,9,16,1.778,lick,#lick,variation,1.032349,1.032349,,73,1.984422,4.956009,0.400407,4.535326,
DA,Dickie's Dream,Lester Young,282,,MLU:lick->#lick,127,144,8,135,0.668043,,,0.668043,,,,,"[55, 63, 55, 57, 62, 55, 57, 60]","[54, 57, 63, 55, 57, 62, 60, 55, 51, 55]",C:\Users\nikol\Desktop\jazzdialog\output\mlu_review_midis\melid_282_phrase_mlu_021_n127_s135_e145_split_8.mid,,,,,,,,,,,0,18,127,144,,wjd_mlu_back_reference_v1,Rucna provera WJD IDEA back-reference kandidata,MLU_REVIEWED,,,,,,,,,,,,,8,10,1.25,lick,#lick,variation,0.668043,0.582102,,21,1.610204,1.57551,0.978454,6.34715,
NE,Lester Leaps In,Lester Young,283,,MLU:lick->#lick,263,284,11,274,1.804941,,,1.804941,,,,,"[53, 58, 61, 62, 58, 55, 50, 51, 48, 50, 53]","[53, 58, 61, 62, 65, 63, 61, 62, 65, 62, 65]",C:\Users\nikol\Desktop\jazzdialog\output\mlu_review_midis\melid_283_phrase_mlu_017_n263_s274_e285_split_11.mid,,,,,,,,,,,0,22,263,284,,wjd_mlu_back_reference_v1,Rucna provera WJD IDEA back-reference kandidata,MLU_REVIEWED,,,,,,,,,,,,,11,11,1.0,lick,#lick,variation,1.804941,1.804941,,17,1.832653,1.636735,0.893096,6.720698,
